Apt,Fan,Light,Ac,Fridge,Month,monthly consumption,clusterno,random,monthlycons
1,4,7,1,1,Jan,2166.9,1,1.164,2522.2716
1,4,7,1,1,Feb,1957.2,1,1.35,2642.22
1,4,7,1,1,Mar,2166.9,1,1.035,2242.7415
1,4,7,1,1,Apr,6675,1,1.404,9371.7
1,4,7,1,1,May,6897.5,1,1.495,10311.7625
1,4,7,1,1,June,6675,1,1.233,8230.275
1,4,7,1,1,July,6897.5,1,1.287,8877.0825
1,4,7,1,1,Aug,6897.5,1,1.07,7380.325
1,4,7,1,1,Sept,6675,1,1.371,9151.425
1,4,7,1,1,Oct,6897.5,1,1.196,8249.41
1,4,7,1,1,Nov,2097,1,1.358,2847.726
1,4,7,1,1,Dec,2166.9,1,1.47,3185.343
4,5,9,1,1,Jan,2636.55,1,1.113,2934.48015
4,5,9,1,1,Feb,2381.4,1,1.455,3464.937
4,5,9,1,1,Mar,2636.55,1,1.005,2649.73275
4,5,9,1,1,Apr,7254,1,1.238,8980.452
4,5,9,1,1,May,7495.8,1,1.139,8537.7162
4,5,9,1,1,June,7254,1,1.323,9597.042
4,5,9,1,1,July,7495.8,1,1.304,9774.5232
4,5,9,1,1,Aug,7495.8,1,1.032,7735.6656
4,5,9,1,1,Sept,7254,1,1.46,10590.84
4,5,9,1,1,Oct,7495.8,1,1.125,8432.775
4,5,9,1,1,Nov,2551.5,1,1.443,3681.8145
4,5,9,1,1,Dec,2636.55,1,1.088,2868.5664
6,7,10,1,1,Jan,2952.75,1,1.389,4101.36975
6,7,10,1,1,Feb,2667,1,1.059,2824.353
6,7,10,1,1,Mar,2952.75,1,1.089,3215.54475
6,7,10,1,1,Apr,7809,1,1.092,8527.428
6,7,10,1,1,May,8069.3,1,1.385,11175.9805
6,7,10,1,1,June,7809,1,1.43,11166.87
6,7,10,1,1,July,8069.3,1,1.051,8480.8343
6,7,10,1,1,Aug,8069.3,1,1.416,11426.1288
6,7,10,1,1,Sept,7809,1,1.452,11338.668
6,7,10,1,1,Oct,8069.3,1,1.087,8771.3291
6,7,10,1,1,Nov,2857.5,1,1.317,3763.3275
6,7,10,1,1,Dec,2952.75,1,1.429,4219.47975
10,5,14,1,1,Jan,3675.05,1,1.235,4538.68675
10,5,14,1,1,Feb,3319.4,1,1.49,4945.906
10,5,14,1,1,Mar,3675.05,1,1.337,4913.54185
10,5,14,1,1,Apr,8259,1,1.432,11826.888
10,5,14,1,1,May,8534.3,1,1.425,12161.3775
10,5,14,1,1,June,8259,1,1.413,11669.967
10,5,14,1,1,July,8534.3,1,1.156,9865.6508
10,5,14,1,1,Aug,8534.3,1,1.314,11214.0702
10,5,14,1,1,Sept,8259,1,1.144,9448.296
10,5,14,1,1,Oct,8534.3,1,1.262,10770.2866
10,5,14,1,1,Nov,3556.5,1,1.427,5075.1255
10,5,14,1,1,Dec,3675.05,1,1.237,4546.03685
11,5,12,1,1,Jan,3259.65,1,1.254,4087.6011
11,5,12,1,1,Feb,2944.2,1,1.354,3986.4468
11,5,12,1,1,Mar,3259.65,1,1.413,4605.88545
11,5,12,1,1,Apr,7857,1,1.14,8956.98
11,5,12,1,1,May,8118.9,1,1.111,9020.0979
11,5,12,1,1,June,7857,1,1.315,10331.955
11,5,12,1,1,July,8118.9,1,1.401,11374.5789
11,5,12,1,1,Aug,8118.9,1,1.457,11829.2373
11,5,12,1,1,Sept,7857,1,1.251,9829.107
11,5,12,1,1,Oct,8118.9,1,1.403,11390.8167
11,5,12,1,1,Nov,3154.5,1,1.437,4533.0165
11,5,12,1,1,Dec,3259.65,1,1.179,3843.12735
12,5,13,1,1,Jan,3467.35,1,1.268,4396.5998
12,5,13,1,1,Feb,3131.8,1,1.108,3470.0344
12,5,13,1,1,Mar,3467.35,1,1.265,4386.19775
12,5,13,1,1,Apr,8058,1,1.051,8468.958
12,5,13,1,1,May,8326.6,1,1.23,10241.718
12,5,13,1,1,June,8058,1,1.337,10773.546
12,5,13,1,1,July,8326.6,1,1.415,11782.139
12,5,13,1,1,Aug,8326.6,1,1.228,10225.0648
12,5,13,1,1,Sept,8058,1,1.467,11821.086
12,5,13,1,1,Oct,8326.6,1,1.323,11016.0918
12,5,13,1,1,Nov,3355.5,1,1.211,4063.5105
12,5,13,1,1,Dec,3467.35,1,1.444,5006.8534
19,6,14,1,1,Jan,3729.3,1,1.247,4650.4371
19,6,14,1,1,Feb,3368.4,1,1.031,3472.8204
19,6,14,1,1,Mar,3729.3,1,1.008,3759.1344
19,6,14,1,1,Apr,8436,1,1.435,12105.66
19,6,14,1,1,May,8717.2,1,1.13,9850.436
19,6,14,1,1,June,8436,1,1.46,12316.56
19,6,14,1,1,July,8717.2,1,1.349,11759.5028
19,6,14,1,1,Aug,8717.2,1,1.104,9623.7888
19,6,14,1,1,Sept,8436,1,1.117,9423.012
19,6,14,1,1,Oct,8717.2,1,1.234,10757.0248
19,6,14,1,1,Nov,3609,1,1.098,3962.682
19,6,14,1,1,Dec,3729.3,1,1.071,3994.0803
20,6,12,1,1,Jan,3313.9,1,1.335,4424.0565
20,6,12,1,1,Feb,2993.2,1,1.031,3085.9892
20,6,12,1,1,Mar,3313.9,1,1.156,3830.8684
20,6,12,1,1,Apr,8034,1,1.184,9512.256
20,6,12,1,1,May,8301.8,1,1.041,8642.1738
20,6,12,1,1,June,8034,1,1.384,11119.056
20,6,12,1,1,July,8301.8,1,1.183,9821.0294
20,6,12,1,1,Aug,8301.8,1,1.28,10626.304
20,6,12,1,1,Sept,8034,1,1.171,9407.814
20,6,12,1,1,Oct,8301.8,1,1.406,11672.3308
20,6,12,1,1,Nov,3207,1,1.459,4679.013
20,6,12,1,1,Dec,3313.9,1,1.035,3429.8865
21,6,13,1,1,Jan,3521.6,1,1.343,4729.5088
21,6,13,1,1,Feb,3180.8,1,1.257,3998.2656
21,6,13,1,1,Mar,3521.6,1,1.029,3623.7264
21,6,13,1,1,Apr,8235,1,1.197,9857.295
21,6,13,1,1,May,8509.5,1,1.453,12364.3035
21,6,13,1,1,June,8235,1,1.229,10120.815
21,6,13,1,1,July,8509.5,1,1.111,9454.0545
21,6,13,1,1,Aug,8509.5,1,1.007,8569.0665
21,6,13,1,1,Sept,8235,1,1.338,11018.43
21,6,13,1,1,Oct,8509.5,1,1.348,11470.806
21,6,13,1,1,Nov,3408,1,1.175,4004.4
21,6,13,1,1,Dec,3521.6,1,1.325,4666.12
31,6,9,1,1,Jan,2690.8,1,1.272,3422.6976
31,6,9,1,1,Feb,2430.4,1,1.244,3023.4176
31,6,9,1,1,Mar,2690.8,1,1.005,2704.254
31,6,9,1,1,Apr,7431,1,1.046,7772.826
31,6,9,1,1,May,7678.7,1,1.296,9951.5952
31,6,9,1,1,June,7431,1,1.18,8768.58
31,6,9,1,1,July,7678.7,1,1.092,8385.1404
31,6,9,1,1,Aug,7678.7,1,1.461,11218.5807
31,6,9,1,1,Sept,7431,1,1.41,10477.71
31,6,9,1,1,Oct,7678.7,1,1.05,8062.635
31,6,9,1,1,Nov,2604,1,1.341,3491.964
31,6,9,1,1,Dec,2690.8,1,1.17,3148.236
32,6,10,1,1,Jan,2898.5,1,1.273,3689.7905
32,6,10,1,1,Feb,2618,1,1.31,3429.58
32,6,10,1,1,Mar,2898.5,1,1.291,3741.9635
32,6,10,1,1,Apr,7632,1,1.216,9280.512
32,6,10,1,1,May,7886.4,1,1.017,8020.4688
32,6,10,1,1,June,7632,1,1.377,10509.264
32,6,10,1,1,July,7886.4,1,1.064,8391.1296
32,6,10,1,1,Aug,7886.4,1,1.437,11332.7568
32,6,10,1,1,Sept,7632,1,1.308,9982.656
32,6,10,1,1,Oct,7886.4,1,1.425,11238.12
32,6,10,1,1,Nov,2805,1,1.288,3612.84
32,6,10,1,1,Dec,2898.5,1,1.215,3521.6775
33,6,8,1,1,Jan,2483.1,1,1.007,2500.4817
33,6,8,1,1,Feb,2242.8,1,1.002,2247.2856
33,6,8,1,1,Mar,2483.1,1,1.205,2992.1355
33,6,8,1,1,Apr,7230,1,1.263,9131.49
33,6,8,1,1,May,7471,1,1.048,7829.608
33,6,8,1,1,June,7230,1,1.084,7837.32
33,6,8,1,1,July,7471,1,1.08,8068.68
33,6,8,1,1,Aug,7471,1,1.406,10504.226
33,6,8,1,1,Sept,7230,1,1.278,9239.94
33,6,8,1,1,Oct,7471,1,1.009,7538.239
33,6,8,1,1,Nov,2403,1,1.27,3051.81
33,6,8,1,1,Dec,2483.1,1,1.335,3314.9385
38,5,9,1,1,Jan,2636.55,1,1.117,2945.02635
38,5,9,1,1,Feb,2381.4,1,1.449,3450.6486
38,5,9,1,1,Mar,2636.55,1,1.219,3213.95445
38,5,9,1,1,Apr,7254,1,1.009,7319.286
38,5,9,1,1,May,7495.8,1,1.463,10966.3554
38,5,9,1,1,June,7254,1,1.003,7275.762
38,5,9,1,1,July,7495.8,1,1.117,8372.8086
38,5,9,1,1,Aug,7495.8,1,1.317,9871.9686
38,5,9,1,1,Sept,7254,1,1.283,9306.882
38,5,9,1,1,Oct,7495.8,1,1.069,8013.0102
38,5,9,1,1,Nov,2551.5,1,1.155,2946.9825
38,5,9,1,1,Dec,2636.55,1,1.425,3757.08375
39,5,10,1,1,Jan,2844.25,1,1.09,3100.2325
39,5,10,1,1,Feb,2569,1,1.448,3719.912
39,5,10,1,1,Mar,2844.25,1,1.152,3276.576
39,5,10,1,1,Apr,7455,1,1.111,8282.505
39,5,10,1,1,May,7703.5,1,1.347,10376.6145
39,5,10,1,1,June,7455,1,1.399,10429.545
39,5,10,1,1,July,7703.5,1,1.362,10492.167
39,5,10,1,1,Aug,7703.5,1,1.349,10392.0215
39,5,10,1,1,Sept,7455,1,1.277,9520.035
39,5,10,1,1,Oct,7703.5,1,1.471,11331.8485
39,5,10,1,1,Nov,2752.5,1,1.287,3542.4675
39,5,10,1,1,Dec,2844.25,1,1.24,3526.87
40,5,8,1,1,Jan,2428.85,1,1.372,3332.3822
40,5,8,1,1,Feb,2193.8,1,1.119,2454.8622
40,5,8,1,1,Mar,2428.85,1,1.053,2557.57905
40,5,8,1,1,Apr,7053,1,1.106,7800.618
40,5,8,1,1,May,7288.1,1,1.056,7696.2336
40,5,8,1,1,June,7053,1,1.461,10304.433
40,5,8,1,1,July,7288.1,1,1.43,10421.983
40,5,8,1,1,Aug,7288.1,1,1.382,10072.1542
40,5,8,1,1,Sept,7053,1,1.488,10494.864
40,5,8,1,1,Oct,7288.1,1,1.415,10312.6615
40,5,8,1,1,Nov,2350.5,1,1.46,3431.73
40,5,8,1,1,Dec,2428.85,1,1.267,3077.35295
41,5,9,1,1,Jan,2636.55,1,1.318,3474.9729
41,5,9,1,1,Feb,2381.4,1,1.294,3081.5316
41,5,9,1,1,Mar,2636.55,1,1.109,2923.93395
41,5,9,1,1,Apr,7254,1,1.066,7732.764
41,5,9,1,1,May,7495.8,1,1.447,10846.4226
41,5,9,1,1,June,7254,1,1.212,8791.848
41,5,9,1,1,July,7495.8,1,1.393,10441.6494
41,5,9,1,1,Aug,7495.8,1,1.358,10179.2964
41,5,9,1,1,Sept,7254,1,1.287,9335.898
41,5,9,1,1,Oct,7495.8,1,1.402,10509.1116
41,5,9,1,1,Nov,2551.5,1,1.052,2684.178
41,5,9,1,1,Dec,2636.55,1,1.036,2731.4658
42,6,9,1,1,Jan,2690.8,1,1.44,3874.752
42,6,9,1,1,Feb,2430.4,1,1.215,2952.936
42,6,9,1,1,Mar,2690.8,1,1.044,2809.1952
42,6,9,1,1,Apr,7431,1,1.351,10039.281
42,6,9,1,1,May,7678.7,1,1.311,10066.7757
42,6,9,1,1,June,7431,1,1.243,9236.733
42,6,9,1,1,July,7678.7,1,1.385,10634.9995
42,6,9,1,1,Aug,7678.7,1,1.418,10888.3966
42,6,9,1,1,Sept,7431,1,1.212,9006.372
42,6,9,1,1,Oct,7678.7,1,1.079,8285.3173
42,6,9,1,1,Nov,2604,1,1.227,3195.108
42,6,9,1,1,Dec,2690.8,1,1.14,3067.512
43,5,8,1,1,Jan,2428.85,1,1.337,3247.37245
43,5,8,1,1,Feb,2193.8,1,1.284,2816.8392
43,5,8,1,1,Mar,2428.85,1,1.491,3621.41535
43,5,8,1,1,Apr,7053,1,1.217,8583.501
43,5,8,1,1,May,7288.1,1,1.128,8220.9768
43,5,8,1,1,June,7053,1,1.145,8075.685
43,5,8,1,1,July,7288.1,1,1.373,10006.5613
43,5,8,1,1,Aug,7288.1,1,1.344,9795.2064
43,5,8,1,1,Sept,7053,1,1.035,7299.855
43,5,8,1,1,Oct,7288.1,1,1.243,9059.1083
43,5,8,1,1,Nov,2350.5,1,1.131,2658.4155
43,5,8,1,1,Dec,2428.85,1,1.291,3135.64535
44,7,10,1,1,Jan,2952.75,1,1.009,2979.32475
44,7,10,1,1,Feb,2667,1,1.28,3413.76
44,7,10,1,1,Mar,2952.75,1,1.227,3623.02425
44,7,10,1,1,Apr,7809,1,1.402,10948.218
44,7,10,1,1,May,8069.3,1,1.177,9497.5661
44,7,10,1,1,June,7809,1,1.455,11362.095
44,7,10,1,1,July,8069.3,1,1.115,8997.2695
44,7,10,1,1,Aug,8069.3,1,1.082,8730.9826
44,7,10,1,1,Sept,7809,1,1.123,8769.507
44,7,10,1,1,Oct,8069.3,1,1.019,8222.6167
44,7,10,1,1,Nov,2857.5,1,1.331,3803.3325
44,7,10,1,1,Dec,2952.75,1,1.038,3064.9545
45,7,11,1,1,Jan,3160.45,1,1.014,3204.6963
45,7,11,1,1,Feb,2854.6,1,1.368,3905.0928
45,7,11,1,1,Mar,3160.45,1,1.387,4383.54415
45,7,11,1,1,Apr,8010,1,1.007,8066.07
45,7,11,1,1,May,8277,1,1.396,11554.692
45,7,11,1,1,June,8010,1,1.311,10501.11
45,7,11,1,1,July,8277,1,1.477,12225.129
45,7,11,1,1,Aug,8277,1,1.324,10958.748
45,7,11,1,1,Sept,8010,1,1.482,11870.82
45,7,11,1,1,Oct,8277,1,1.267,10486.959
45,7,11,1,1,Nov,3058.5,1,1.053,3220.6005
45,7,11,1,1,Dec,3160.45,1,1.017,3214.17765
46,7,9,1,1,Jan,2745.05,1,1.49,4090.1245
46,7,9,1,1,Feb,2479.4,1,1.3,3223.22
46,7,9,1,1,Mar,2745.05,1,1.45,3980.3225
46,7,9,1,1,Apr,7608,1,1.166,8870.928
46,7,9,1,1,May,7861.6,1,1.231,9677.6296
46,7,9,1,1,June,7608,1,1.498,11396.784
46,7,9,1,1,July,7861.6,1,1.461,11485.7976
46,7,9,1,1,Aug,7861.6,1,1.003,7885.1848
46,7,9,1,1,Sept,7608,1,1.06,8064.48
46,7,9,1,1,Oct,7861.6,1,1.191,9363.1656
46,7,9,1,1,Nov,2656.5,1,1.029,2733.5385
46,7,9,1,1,Dec,2745.05,1,1.182,3244.6491
50,6,10,1,1,Jan,2898.5,1,1.411,4089.7835
50,6,10,1,1,Feb,2618,1,1.375,3599.75
50,6,10,1,1,Mar,2898.5,1,1.432,4150.652
50,6,10,1,1,Apr,7632,1,1.285,9807.12
50,6,10,1,1,May,7886.4,1,1.213,9566.2032
50,6,10,1,1,June,7632,1,1.342,10242.144
50,6,10,1,1,July,7886.4,1,1.338,10552.0032
50,6,10,1,1,Aug,7886.4,1,1.21,9542.544
50,6,10,1,1,Sept,7632,1,1.249,9532.368
50,6,10,1,1,Oct,7886.4,1,1.038,8186.0832
50,6,10,1,1,Nov,2805,1,1.238,3472.59
50,6,10,1,1,Dec,2898.5,1,1.243,3602.8355
51,6,11,1,1,Jan,3106.2,1,1.29,4006.998
51,6,11,1,1,Feb,2805.6,1,1.05,2945.88
51,6,11,1,1,Mar,3106.2,1,1.272,3951.0864
51,6,11,1,1,Apr,7833,1,1.297,10159.401
51,6,11,1,1,May,8094.1,1,1.034,8369.2994
51,6,11,1,1,June,7833,1,1.367,10707.711
51,6,11,1,1,July,8094.1,1,1.155,9348.6855
51,6,11,1,1,Aug,8094.1,1,1.352,10943.2232
51,6,11,1,1,Sept,7833,1,1.282,10041.906
51,6,11,1,1,Oct,8094.1,1,1.331,10773.2471
51,6,11,1,1,Nov,3006,1,1.247,3748.482
51,6,11,1,1,Dec,3106.2,1,1.428,4435.6536
52,6,9,1,1,Jan,2690.8,1,1.489,4006.6012
52,6,9,1,1,Feb,2430.4,1,1.1,2673.44
52,6,9,1,1,Mar,2690.8,1,1.031,2774.2148
52,6,9,1,1,Apr,7431,1,1.193,8865.183
52,6,9,1,1,May,7678.7,1,1.424,10934.4688
52,6,9,1,1,June,7431,1,1.047,7780.257
52,6,9,1,1,July,7678.7,1,1.021,7839.9527
52,6,9,1,1,Aug,7678.7,1,1.32,10135.884
52,6,9,1,1,Sept,7431,1,1.014,7535.034
52,6,9,1,1,Oct,7678.7,1,1.21,9291.227
52,6,9,1,1,Nov,2604,1,1.3,3385.2
52,6,9,1,1,Dec,2690.8,1,1.305,3511.494
71,6,9,1,1,Jan,2690.8,1,1.18,3175.144
71,6,9,1,1,Feb,2430.4,1,1.32,3208.128
71,6,9,1,1,Mar,2690.8,1,1.451,3904.3508
71,6,9,1,1,Apr,7431,1,1.192,8857.752
71,6,9,1,1,May,7678.7,1,1.496,11487.3352
71,6,9,1,1,June,7431,1,1.131,8404.461
71,6,9,1,1,July,7678.7,1,1.172,8999.4364
71,6,9,1,1,Aug,7678.7,1,1.123,8623.1801
71,6,9,1,1,Sept,7431,1,1.4,10403.4
71,6,9,1,1,Oct,7678.7,1,1.261,9682.8407
71,6,9,1,1,Nov,2604,1,1.104,2874.816
71,6,9,1,1,Dec,2690.8,1,1.482,3987.7656
72,6,8,1,1,Jan,2483.1,1,1.159,2877.9129
72,6,8,1,1,Feb,2242.8,1,1.089,2442.4092
72,6,8,1,1,Mar,2483.1,1,1.084,2691.6804
72,6,8,1,1,Apr,7230,1,1.305,9435.15
72,6,8,1,1,May,7471,1,1.13,8442.23
72,6,8,1,1,June,7230,1,1.026,7417.98
72,6,8,1,1,July,7471,1,1.327,9914.017
72,6,8,1,1,Aug,7471,1,1.041,7777.311
72,6,8,1,1,Sept,7230,1,1.492,10787.16
72,6,8,1,1,Oct,7471,1,1.197,8942.787
72,6,8,1,1,Nov,2403,1,1.408,3383.424
72,6,8,1,1,Dec,2483.1,1,1.289,3200.7159
73,6,7,1,1,Jan,2275.4,1,1.48,3367.592
73,6,7,1,1,Feb,2055.2,1,1.215,2497.068
73,6,7,1,1,Mar,2275.4,1,1.164,2648.5656
73,6,7,1,1,Apr,7029,1,1.395,9805.455
73,6,7,1,1,May,7263.3,1,1.271,9231.6543
73,6,7,1,1,June,7029,1,1.362,9573.498
73,6,7,1,1,July,7263.3,1,1.354,9834.5082
73,6,7,1,1,Aug,7263.3,1,1.295,9405.9735
73,6,7,1,1,Sept,7029,1,1.152,8097.408
73,6,7,1,1,Oct,7263.3,1,1.276,9267.9708
73,6,7,1,1,Nov,2202,1,1.006,2215.212
73,6,7,1,1,Dec,2275.4,1,1.36,3094.544
77,5,9,1,1,Jan,2636.55,1,1.364,3596.2542
77,5,9,1,1,Feb,2381.4,1,1.11,2643.354
77,5,9,1,1,Mar,2636.55,1,1.373,3619.98315
77,5,9,1,1,Apr,7254,1,1.077,7812.558
77,5,9,1,1,May,7495.8,1,1.478,11078.7924
77,5,9,1,1,June,7254,1,1.467,10641.618
77,5,9,1,1,July,7495.8,1,1.297,9722.0526
77,5,9,1,1,Aug,7495.8,1,1.251,9377.2458
77,5,9,1,1,Sept,7254,1,1.197,8683.038
77,5,9,1,1,Oct,7495.8,1,1.068,8005.5144
77,5,9,1,1,Nov,2551.5,1,1.031,2630.5965
77,5,9,1,1,Dec,2636.55,1,1.139,3003.03045
78,5,8,1,1,Jan,2428.85,1,1.18,2866.043
78,5,8,1,1,Feb,2193.8,1,1.111,2437.3118
78,5,8,1,1,Mar,2428.85,1,1.453,3529.11905
78,5,8,1,1,Apr,7053,1,1.453,10248.009
78,5,8,1,1,May,7288.1,1,1.422,10363.6782
78,5,8,1,1,June,7053,1,1.323,9331.119
78,5,8,1,1,July,7288.1,1,1.381,10064.8661
78,5,8,1,1,Aug,7288.1,1,1.433,10443.8473
78,5,8,1,1,Sept,7053,1,1.205,8498.865
78,5,8,1,1,Oct,7288.1,1,1.022,7448.4382
78,5,8,1,1,Nov,2350.5,1,1.054,2477.427
78,5,8,1,1,Dec,2428.85,1,1.213,2946.19505
79,5,7,1,1,Jan,2221.15,1,1.324,2940.8026
79,5,7,1,1,Feb,2006.2,1,1.368,2744.4816
79,5,7,1,1,Mar,2221.15,1,1.152,2558.7648
79,5,7,1,1,Apr,6852,1,1.327,9092.604
79,5,7,1,1,May,7080.4,1,1.154,8170.7816
79,5,7,1,1,June,6852,1,1.247,8544.444
79,5,7,1,1,July,7080.4,1,1.244,8808.0176
79,5,7,1,1,Aug,7080.4,1,1.021,7229.0884
79,5,7,1,1,Sept,6852,1,1.097,7516.644
79,5,7,1,1,Oct,7080.4,1,1.11,7859.244
79,5,7,1,1,Nov,2149.5,1,1.003,2155.9485
79,5,7,1,1,Dec,2221.15,1,1.092,2425.4958
83,7,9,1,1,Jan,2745.05,1,1.13,3101.9065
83,7,9,1,1,Feb,2479.4,1,1.033,2561.2202
83,7,9,1,1,Mar,2745.05,1,1.446,3969.3423
83,7,9,1,1,Apr,7608,1,1.226,9327.408
83,7,9,1,1,May,7861.6,1,1.25,9827
83,7,9,1,1,June,7608,1,1.125,8559
83,7,9,1,1,July,7861.6,1,1.197,9410.3352
83,7,9,1,1,Aug,7861.6,1,1.399,10998.3784
83,7,9,1,1,Sept,7608,1,1.11,8444.88
83,7,9,1,1,Oct,7861.6,1,1.399,10998.3784
83,7,9,1,1,Nov,2656.5,1,1.426,3788.169
83,7,9,1,1,Dec,2745.05,1,1.47,4035.2235
84,7,8,1,1,Jan,2537.35,1,1.461,3707.06835
84,7,8,1,1,Feb,2291.8,1,1.375,3151.225
84,7,8,1,1,Mar,2537.35,1,1.106,2806.3091
84,7,8,1,1,Apr,7407,1,1.207,8940.249
84,7,8,1,1,May,7653.9,1,1.164,8909.1396
84,7,8,1,1,June,7407,1,1.35,9999.45
84,7,8,1,1,July,7653.9,1,1.035,7921.7865
84,7,8,1,1,Aug,7653.9,1,1.404,10746.0756
84,7,8,1,1,Sept,7407,1,1.495,11073.465
84,7,8,1,1,Oct,7653.9,1,1.233,9437.2587
84,7,8,1,1,Nov,2455.5,1,1.287,3160.2285
84,7,8,1,1,Dec,2537.35,1,1.07,2714.9645
85,7,7,1,1,Jan,2329.65,1,1.371,3193.95015
85,7,7,1,1,Feb,2104.2,1,1.196,2516.6232
85,7,7,1,1,Mar,2329.65,1,1.358,3163.6647
85,7,7,1,1,Apr,7206,1,1.47,10592.82
85,7,7,1,1,May,7446.2,1,1.028,7654.6936
85,7,7,1,1,June,7206,1,1.114,8027.484
85,7,7,1,1,July,7446.2,1,1.344,10007.6928
85,7,7,1,1,Aug,7446.2,1,1.142,8503.5604
85,7,7,1,1,Sept,7206,1,1.401,10095.606
85,7,7,1,1,Oct,7446.2,1,1.474,10975.6988
85,7,7,1,1,Nov,2254.5,1,1.02,2299.59
85,7,7,1,1,Dec,2329.65,1,1.033,2406.52845
86,5,9,1,1,Jan,2636.55,1,1.141,3008.30355
86,5,9,1,1,Feb,2381.4,1,1.385,3298.239
86,5,9,1,1,Mar,2636.55,1,1.193,3145.40415
86,5,9,1,1,Apr,7254,1,1.424,10329.696
86,5,9,1,1,May,7495.8,1,1.019,7638.2202
86,5,9,1,1,June,7254,1,1.159,8407.386
86,5,9,1,1,July,7495.8,1,1.159,8687.6322
86,5,9,1,1,Aug,7495.8,1,1.101,8252.8758
86,5,9,1,1,Sept,7254,1,1.456,10561.824
86,5,9,1,1,Oct,7495.8,1,1.052,7885.5816
86,5,9,1,1,Nov,2551.5,1,1.134,2893.401
86,5,9,1,1,Dec,2636.55,1,1.212,3195.4986
88,5,8,1,1,Jan,2428.85,1,1.46,3546.121
88,5,8,1,1,Feb,2193.8,1,1.125,2468.025
88,5,8,1,1,Mar,2428.85,1,1.443,3504.83055
88,5,8,1,1,Apr,7053,1,1.088,7673.664
88,5,8,1,1,May,7288.1,1,1.087,7922.1647
88,5,8,1,1,June,7053,1,1.424,10043.472
88,5,8,1,1,July,7288.1,1,1.071,7805.5551
88,5,8,1,1,Aug,7288.1,1,1.159,8446.9079
88,5,8,1,1,Sept,7053,1,1.229,8668.137
88,5,8,1,1,Oct,7288.1,1,1.087,7922.1647
88,5,8,1,1,Nov,2350.5,1,1.018,2392.809
88,5,8,1,1,Dec,2428.85,1,1.168,2836.8968
90,5,10,1,1,Jan,2844.25,1,1.452,4129.851
90,5,10,1,1,Feb,2569,1,1.087,2792.503
90,5,10,1,1,Mar,2844.25,1,1.317,3745.87725
90,5,10,1,1,Apr,7455,1,1.429,10653.195
90,5,10,1,1,May,7703.5,1,1.276,9829.666
90,5,10,1,1,June,7455,1,1.322,9855.51
90,5,10,1,1,July,7703.5,1,1.273,9806.5555
90,5,10,1,1,Aug,7703.5,1,1.213,9344.3455
90,5,10,1,1,Sept,7455,1,1.145,8535.975
90,5,10,1,1,Oct,7703.5,1,1.306,10060.771
90,5,10,1,1,Nov,2752.5,1,1.4,3853.5
90,5,10,1,1,Dec,2844.25,1,1.402,3987.6385
96,3,7,1,1,Jan,2112.65,1,1.467,3099.25755
96,3,7,1,1,Feb,1908.2,1,1.323,2524.5486
96,3,7,1,1,Mar,2112.65,1,1.211,2558.41915
96,3,7,1,1,Apr,6498,1,1.444,9383.112
96,3,7,1,1,May,6714.6,1,1.33,8930.418
96,3,7,1,1,June,6498,1,1.154,7498.692
96,3,7,1,1,July,6714.6,1,1.365,9165.429
96,3,7,1,1,Aug,6714.6,1,1.175,7889.655
96,3,7,1,1,Sept,6498,1,1.158,7524.684
96,3,7,1,1,Oct,6714.6,1,1.041,6989.8986
96,3,7,1,1,Nov,2044.5,1,1.303,2663.9835
96,3,7,1,1,Dec,2112.65,1,1.413,2985.17445
97,3,8,1,1,Jan,2320.35,1,1.161,2693.92635
97,3,8,1,1,Feb,2095.8,1,1.127,2361.9666
97,3,8,1,1,Mar,2320.35,1,1.406,3262.4121
97,3,8,1,1,Apr,6699,1,1.024,6859.776
97,3,8,1,1,May,6922.3,1,1.165,8064.4795
97,3,8,1,1,June,6699,1,1.245,8340.255
97,3,8,1,1,July,6922.3,1,1.002,6936.1446
97,3,8,1,1,Aug,6922.3,1,1.167,8078.3241
97,3,8,1,1,Sept,6699,1,1.303,8728.797
97,3,8,1,1,Oct,6922.3,1,1.139,7884.4997
97,3,8,1,1,Nov,2245.5,1,1.137,2553.1335
97,3,8,1,1,Dec,2320.35,1,1.039,2410.84365
98,3,9,1,1,Jan,2528.05,1,1.177,2975.51485
98,3,9,1,1,Feb,2283.4,1,1.187,2710.3958
98,3,9,1,1,Mar,2528.05,1,1.456,3680.8408
98,3,9,1,1,Apr,6900,1,1.119,7721.1
98,3,9,1,1,May,7130,1,1.247,8891.11
98,3,9,1,1,June,6900,1,1.136,7838.4
98,3,9,1,1,July,7130,1,1.368,9753.84
98,3,9,1,1,Aug,7130,1,1.274,9083.62
98,3,9,1,1,Sept,6900,1,1.336,9218.4
98,3,9,1,1,Oct,7130,1,1.321,9418.73
98,3,9,1,1,Nov,2446.5,1,1.145,2801.2425
98,3,9,1,1,Dec,2528.05,1,1.401,3541.79805
99,3,6,1,1,Jan,1904.95,1,1.028,1958.2886
99,3,6,1,1,Feb,1720.6,1,1.226,2109.4556
99,3,6,1,1,Mar,1904.95,1,1.095,2085.92025
99,3,6,1,1,Apr,6297,1,1.384,8715.048
99,3,6,1,1,May,6506.9,1,1.496,9734.3224
99,3,6,1,1,June,6297,1,1.082,6813.354
99,3,6,1,1,July,6506.9,1,1.068,6949.3692
99,3,6,1,1,Aug,6506.9,1,1.357,8829.8633
99,3,6,1,1,Sept,6297,1,1.392,8765.424
99,3,6,1,1,Oct,6506.9,1,1.012,6584.9828
99,3,6,1,1,Nov,1843.5,1,1.231,2269.3485
99,3,6,1,1,Dec,1904.95,1,1.263,2405.95185
105,2,5,1,1,Jan,1643,1,1.338,2198.334
105,2,5,1,1,Feb,1484,1,1.348,2000.432
105,2,5,1,1,Mar,1643,1,1.175,1930.525
105,2,5,1,1,Apr,5919,1,1.325,7842.675
105,2,5,1,1,May,6116.3,1,1.12,6850.256
105,2,5,1,1,June,5919,1,1.426,8440.494
105,2,5,1,1,July,6116.3,1,1.112,6801.3256
105,2,5,1,1,Aug,6116.3,1,1.388,8489.4244
105,2,5,1,1,Sept,5919,1,1.342,7943.298
105,2,5,1,1,Oct,6116.3,1,1.432,8758.5416
105,2,5,1,1,Nov,1590,1,1.495,2377.05
105,2,5,1,1,Dec,1643,1,1.259,2068.537
106,3,5,1,1,Jan,1697.25,1,1.301,2208.12225
106,3,5,1,1,Feb,1533,1,1.462,2241.246
106,3,5,1,1,Mar,1697.25,1,1.086,1843.2135
106,3,5,1,1,Apr,6096,1,1.339,8162.544
106,3,5,1,1,May,6299.2,1,1.143,7199.9856
106,3,5,1,1,June,6096,1,1.451,8845.296
106,3,5,1,1,July,6299.2,1,1.499,9442.5008
106,3,5,1,1,Aug,6299.2,1,1.348,8491.3216
106,3,5,1,1,Sept,6096,1,1.236,7534.656
106,3,5,1,1,Oct,6299.2,1,1.094,6891.3248
106,3,5,1,1,Nov,1642.5,1,1.238,2033.415
106,3,5,1,1,Dec,1697.25,1,1.392,2362.572
108,3,6,1,1,Jan,1904.95,1,1.369,2607.87655
108,3,6,1,1,Feb,1720.6,1,1.05,1806.63
108,3,6,1,1,Mar,1904.95,1,1.431,2725.98345
108,3,6,1,1,Apr,6297,1,1.02,6422.94
108,3,6,1,1,May,6506.9,1,1.334,8680.2046
108,3,6,1,1,June,6297,1,1.168,7354.896
108,3,6,1,1,July,6506.9,1,1.164,7574.0316
108,3,6,1,1,Aug,6506.9,1,1.22,7938.418
108,3,6,1,1,Sept,6297,1,1.09,6863.73
108,3,6,1,1,Oct,6506.9,1,1.324,8615.1356
108,3,6,1,1,Nov,1843.5,1,1.143,2107.1205
108,3,6,1,1,Dec,1904.95,1,1.498,2853.6151
111,2,6,1,1,Jan,1850.7,1,1.295,2396.6565
111,2,6,1,1,Feb,1671.6,1,1.278,2136.3048
111,2,6,1,1,Mar,1850.7,1,1.252,2317.0764
111,2,6,1,1,Apr,6120,1,1.004,6144.48
111,2,6,1,1,May,6324,1,1.217,7696.308
111,2,6,1,1,June,6120,1,1.141,6982.92
111,2,6,1,1,July,6324,1,1.252,7917.648
111,2,6,1,1,Aug,6324,1,1.022,6463.128
111,2,6,1,1,Sept,6120,1,1.105,6762.6
111,2,6,1,1,Oct,6324,1,1.441,9112.884
111,2,6,1,1,Nov,1791,1,1.441,2580.831
111,2,6,1,1,Dec,1850.7,1,1.477,2733.4839
113,3,6,1,1,Jan,1904.95,1,1.244,2369.7578
113,3,6,1,1,Feb,1720.6,1,1.113,1915.0278
113,3,6,1,1,Mar,1904.95,1,1.253,2386.90235
113,3,6,1,1,Apr,6297,1,1.114,7014.858
113,3,6,1,1,May,6506.9,1,1.44,9369.936
113,3,6,1,1,June,6297,1,1.216,7657.152
113,3,6,1,1,July,6506.9,1,1.175,7645.6075
113,3,6,1,1,Aug,6506.9,1,1.018,6624.0242
113,3,6,1,1,Sept,6297,1,1.003,6315.891
113,3,6,1,1,Oct,6506.9,1,1.368,8901.4392
113,3,6,1,1,Nov,1843.5,1,1.271,2343.0885
113,3,6,1,1,Dec,1904.95,1,1.23,2343.0885
114,4,7,1,1,Jan,2166.9,1,1.37,2968.653
114,4,7,1,1,Feb,1957.2,1,1.051,2057.0172
114,4,7,1,1,Mar,2166.9,1,1.428,3094.3332
114,4,7,1,1,Apr,6675,1,1.331,8884.425
114,4,7,1,1,May,6897.5,1,1.272,8773.62
114,4,7,1,1,June,6675,1,1.244,8303.7
114,4,7,1,1,July,6897.5,1,1.005,6931.9875
114,4,7,1,1,Aug,6897.5,1,1.046,7214.785
114,4,7,1,1,Sept,6675,1,1.296,8650.8
114,4,7,1,1,Oct,6897.5,1,1.18,8139.05
114,4,7,1,1,Nov,2097,1,1.092,2289.924
114,4,7,1,1,Dec,2166.9,1,1.461,3165.8409
115,4,6,1,1,Jan,1959.2,1,1.41,2762.472
115,4,6,1,1,Feb,1769.6,1,1.05,1858.08
115,4,6,1,1,Mar,1959.2,1,1.341,2627.2872
115,4,6,1,1,Apr,6474,1,1.17,7574.58
115,4,6,1,1,May,6689.8,1,1.273,8516.1154
115,4,6,1,1,June,6474,1,1.31,8480.94
115,4,6,1,1,July,6689.8,1,1.291,8636.5318
115,4,6,1,1,Aug,6689.8,1,1.216,8134.7968
115,4,6,1,1,Sept,6474,1,1.017,6584.058
115,4,6,1,1,Oct,6689.8,1,1.377,9211.8546
115,4,6,1,1,Nov,1896,1,1.064,2017.344
115,4,6,1,1,Dec,1959.2,1,1.437,2815.3704
116,4,8,1,1,Jan,2374.6,1,1.308,3105.9768
116,4,8,1,1,Feb,2144.8,1,1.425,3056.34
116,4,8,1,1,Mar,2374.6,1,1.288,3058.4848
116,4,8,1,1,Apr,6876,1,1.215,8354.34
116,4,8,1,1,May,7105.2,1,1.007,7154.9364
116,4,8,1,1,June,6876,1,1.002,6889.752
116,4,8,1,1,July,7105.2,1,1.205,8561.766
116,4,8,1,1,Aug,7105.2,1,1.263,8973.8676
116,4,8,1,1,Sept,6876,1,1.048,7206.048
116,4,8,1,1,Oct,7105.2,1,1.084,7702.0368
116,4,8,1,1,Nov,2298,1,1.08,2481.84
116,4,8,1,1,Dec,2374.6,1,1.406,3338.6876
123,5,7,1,1,Jan,2221.15,1,1.277,2836.40855
123,5,7,1,1,Feb,2006.2,1,1.471,2951.1202
123,5,7,1,1,Mar,2221.15,1,1.287,2858.62005
123,5,7,1,1,Apr,6852,1,1.24,8496.48
123,5,7,1,1,May,7080.4,1,1.372,9714.3088
123,5,7,1,1,June,6852,1,1.119,7667.388
123,5,7,1,1,July,7080.4,1,1.053,7455.6612
123,5,7,1,1,Aug,7080.4,1,1.106,7830.9224
123,5,7,1,1,Sept,6852,1,1.056,7235.712
123,5,7,1,1,Oct,7080.4,1,1.461,10344.4644
123,5,7,1,1,Nov,2149.5,1,1.43,3073.785
123,5,7,1,1,Dec,2221.15,1,1.382,3069.6293
124,5,6,1,1,Jan,2013.45,1,1.488,2996.0136
124,5,6,1,1,Feb,1818.6,1,1.415,2573.319
124,5,6,1,1,Mar,2013.45,1,1.46,2939.637
124,5,6,1,1,Apr,6651,1,1.267,8426.817
124,5,6,1,1,May,6872.7,1,1.318,9058.2186
124,5,6,1,1,June,6651,1,1.294,8606.394
124,5,6,1,1,July,6872.7,1,1.109,7621.8243
124,5,6,1,1,Aug,6872.7,1,1.066,7326.2982
124,5,6,1,1,Sept,6651,1,1.447,9623.997
124,5,6,1,1,Oct,6872.7,1,1.212,8329.7124
124,5,6,1,1,Nov,1948.5,1,1.393,2714.2605
124,5,6,1,1,Dec,2013.45,1,1.358,2734.2651
125,5,8,1,1,Jan,2428.85,1,1.287,3125.92995
125,5,8,1,1,Feb,2193.8,1,1.402,3075.7076
125,5,8,1,1,Mar,2428.85,1,1.052,2555.1502
125,5,8,1,1,Apr,7053,1,1.036,7306.908
125,5,8,1,1,May,7288.1,1,1.44,10494.864
125,5,8,1,1,June,7053,1,1.215,8569.395
125,5,8,1,1,July,7288.1,1,1.044,7608.7764
125,5,8,1,1,Aug,7288.1,1,1.351,9846.2231
125,5,8,1,1,Sept,7053,1,1.311,9246.483
125,5,8,1,1,Oct,7288.1,1,1.243,9059.1083
125,5,8,1,1,Nov,2350.5,1,1.385,3255.4425
125,5,8,1,1,Dec,2428.85,1,1.418,3444.1093
132,6,7,1,1,Jan,2275.4,1,1.073,2441.5042
132,6,7,1,1,Feb,2055.2,1,1.311,2694.3672
132,6,7,1,1,Mar,2275.4,1,1.448,3294.7792
132,6,7,1,1,Apr,7029,1,1.335,9383.715
132,6,7,1,1,May,7263.3,1,1.063,7720.8879
132,6,7,1,1,June,7029,1,1.456,10234.224
132,6,7,1,1,July,7263.3,1,1.099,7982.3667
132,6,7,1,1,Aug,7263.3,1,1.103,8011.4199
132,6,7,1,1,Sept,7029,1,1.486,10445.094
132,6,7,1,1,Oct,7263.3,1,1.012,7350.4596
132,6,7,1,1,Nov,2202,1,1.036,2281.272
132,6,7,1,1,Dec,2275.4,1,1.497,3406.2738
133,6,6,1,1,Jan,2067.7,1,1.467,3033.3159
133,6,6,1,1,Feb,1867.6,1,1.335,2493.246
133,6,6,1,1,Mar,2067.7,1,1.37,2832.749
133,6,6,1,1,Apr,6828,1,1.065,7271.82
133,6,6,1,1,May,7055.6,1,1.411,9955.4516
133,6,6,1,1,June,6828,1,1.375,9388.5
133,6,6,1,1,July,7055.6,1,1.432,10103.6192
133,6,6,1,1,Aug,7055.6,1,1.285,9066.446
133,6,6,1,1,Sept,6828,1,1.213,8282.364
133,6,6,1,1,Oct,7055.6,1,1.342,9468.6152
133,6,6,1,1,Nov,2001,1,1.338,2677.338
133,6,6,1,1,Dec,2067.7,1,1.21,2501.917
134,6,8,1,1,Jan,2483.1,1,1.249,3101.3919
134,6,8,1,1,Feb,2242.8,1,1.038,2328.0264
134,6,8,1,1,Mar,2483.1,1,1.238,3074.0778
134,6,8,1,1,Apr,7230,1,1.243,8986.89
134,6,8,1,1,May,7471,1,1.29,9637.59
134,6,8,1,1,June,7230,1,1.05,7591.5
134,6,8,1,1,July,7471,1,1.272,9503.112
134,6,8,1,1,Aug,7471,1,1.297,9689.887
134,6,8,1,1,Sept,7230,1,1.034,7475.82
134,6,8,1,1,Oct,7471,1,1.367,10212.857
134,6,8,1,1,Nov,2403,1,1.155,2775.465
134,6,8,1,1,Dec,2483.1,1,1.352,3357.1512
147,8,15,1,1,Jan,4045.5,1,1.39,5623.245
147,8,15,1,1,Feb,3654,1,1.41,5152.14
147,8,15,1,1,Mar,4045.5,1,1.13,4571.415
147,8,15,1,1,Apr,8991,1,1.307,11751.237
147,8,15,1,1,May,9290.7,1,1.035,9615.8745
147,8,15,1,1,June,8991,1,1.004,9026.964
147,8,15,1,1,July,9290.7,1,1.084,10071.1188
147,8,15,1,1,Aug,9290.7,1,1.075,9987.5025
147,8,15,1,1,Sept,8991,1,1.386,12461.526
147,8,15,1,1,Oct,9290.7,1,1.389,12904.7823
147,8,15,1,1,Nov,3915,1,1.155,4521.825
147,8,15,1,1,Dec,4045.5,1,1.093,4421.7315
148,8,16,1,1,Jan,4253.2,1,1.432,6090.5824
148,8,16,1,1,Feb,3841.6,1,1.146,4402.4736
148,8,16,1,1,Mar,4253.2,1,1.49,6337.268
148,8,16,1,1,Apr,9192,1,1.001,9201.192
148,8,16,1,1,May,9498.4,1,1.418,13468.7312
148,8,16,1,1,June,9192,1,1.079,9918.168
148,8,16,1,1,July,9498.4,1,1.236,11740.0224
148,8,16,1,1,Aug,9498.4,1,1.21,11493.064
148,8,16,1,1,Sept,9192,1,1.297,11922.024
148,8,16,1,1,Oct,9498.4,1,1.211,11502.5624
148,8,16,1,1,Nov,4116,1,1.122,4618.152
148,8,16,1,1,Dec,4253.2,1,1.207,5133.6124
149,8,14,1,1,Jan,3837.8,1,1.297,4977.6266
149,8,14,1,1,Feb,3466.4,1,1.139,3948.2296
149,8,14,1,1,Mar,3837.8,1,1.197,4593.8466
149,8,14,1,1,Apr,8790,1,1.35,11866.5
149,8,14,1,1,May,9083,1,1.43,12988.69
149,8,14,1,1,June,8790,1,1.023,8992.17
149,8,14,1,1,July,9083,1,1.275,11580.825
149,8,14,1,1,Aug,9083,1,1.097,9964.051
149,8,14,1,1,Sept,8790,1,1.081,9501.99
149,8,14,1,1,Oct,9083,1,1.256,11408.248
149,8,14,1,1,Nov,3714,1,1.001,3717.714
149,8,14,1,1,Dec,3837.8,1,1.043,4002.8254
156,9,15,1,1,Jan,4099.75,1,1.492,6116.827
156,9,15,1,1,Feb,3703,1,1.197,4432.491
156,9,15,1,1,Mar,4099.75,1,1.408,5772.448
156,9,15,1,1,Apr,9168,1,1.289,11817.552
156,9,15,1,1,May,9473.6,1,1.48,14020.928
156,9,15,1,1,June,9168,1,1.215,11139.12
156,9,15,1,1,July,9473.6,1,1.164,11027.2704
156,9,15,1,1,Aug,9473.6,1,1.395,13215.672
156,9,15,1,1,Sept,9168,1,1.271,11652.528
156,9,15,1,1,Oct,9473.6,1,1.362,12903.0432
156,9,15,1,1,Nov,3967.5,1,1.354,5371.995
156,9,15,1,1,Dec,4099.75,1,1.295,5309.17625
157,9,16,1,1,Jan,4307.45,1,1.152,4962.1824
157,9,16,1,1,Feb,3890.6,1,1.276,4964.4056
157,9,16,1,1,Mar,4307.45,1,1.006,4333.2947
157,9,16,1,1,Apr,9369,1,1.36,12741.84
157,9,16,1,1,May,9681.3,1,1.463,14163.7419
157,9,16,1,1,June,9369,1,1.389,13013.541
157,9,16,1,1,July,9681.3,1,1.056,10223.4528
157,9,16,1,1,Aug,9681.3,1,1.135,10988.2755
157,9,16,1,1,Sept,9369,1,1.465,13725.585
157,9,16,1,1,Oct,9681.3,1,1.052,10184.7276
157,9,16,1,1,Nov,4168.5,1,1.201,5006.3685
157,9,16,1,1,Dec,4307.45,1,1.148,4944.9526
158,9,14,1,1,Jan,3892.05,1,1.3,5059.665
158,9,14,1,1,Feb,3515.4,1,1.335,4693.059
158,9,14,1,1,Mar,3892.05,1,1.197,4658.78385
158,9,14,1,1,Apr,8967,1,1.484,13307.028
158,9,14,1,1,May,9265.9,1,1.01,9358.559
158,9,14,1,1,June,8967,1,1.063,9531.921
158,9,14,1,1,July,9265.9,1,1.273,11795.4907
158,9,14,1,1,Aug,9265.9,1,1.03,9543.877
158,9,14,1,1,Sept,8967,1,1.271,11397.057
158,9,14,1,1,Oct,9265.9,1,1.153,10683.5827
158,9,14,1,1,Nov,3766.5,1,1.362,5129.973
158,9,14,1,1,Dec,3892.05,1,1.216,4732.7328
165,7,15,1,1,Jan,3991.25,1,1.464,5843.19
165,7,15,1,1,Feb,3605,1,1.256,4527.88
165,7,15,1,1,Mar,3991.25,1,1.061,4234.71625
165,7,15,1,1,Apr,8814,1,1.086,9572.004
165,7,15,1,1,May,9107.8,1,1.085,9881.963
165,7,15,1,1,June,8814,1,1.317,11608.038
165,7,15,1,1,July,9107.8,1,1.271,11576.0138
165,7,15,1,1,Aug,9107.8,1,1.47,13388.466
165,7,15,1,1,Sept,8814,1,1.312,11563.968
165,7,15,1,1,Oct,9107.8,1,1.012,9217.0936
165,7,15,1,1,Nov,3862.5,1,1.232,4758.6
165,7,15,1,1,Dec,3991.25,1,1.141,4554.01625
166,7,16,1,1,Jan,4198.95,1,1.325,5563.60875
166,7,16,1,1,Feb,3792.6,1,1.111,4213.5786
166,7,16,1,1,Mar,4198.95,1,1.347,5655.98565
166,7,16,1,1,Apr,9015,1,1.338,12062.07
166,7,16,1,1,May,9315.5,1,1.13,10526.515
166,7,16,1,1,June,9015,1,1.033,9312.495
166,7,16,1,1,July,9315.5,1,1.446,13470.213
166,7,16,1,1,Aug,9315.5,1,1.226,11420.803
166,7,16,1,1,Sept,9015,1,1.25,11268.75
166,7,16,1,1,Oct,9315.5,1,1.125,10479.9375
166,7,16,1,1,Nov,4063.5,1,1.197,4864.0095
166,7,16,1,1,Dec,4198.95,1,1.399,5874.33105
167,7,14,1,1,Jan,3783.55,1,1.11,4199.7405
167,7,14,1,1,Feb,3417.4,1,1.399,4780.9426
167,7,14,1,1,Mar,3783.55,1,1.426,5395.3423
167,7,14,1,1,Apr,8613,1,1.47,12661.11
167,7,14,1,1,May,8900.1,1,1.461,13003.0461
167,7,14,1,1,June,8613,1,1.375,11842.875
167,7,14,1,1,July,8900.1,1,1.106,9843.5106
167,7,14,1,1,Aug,8900.1,1,1.207,10742.4207
167,7,14,1,1,Sept,8613,1,1.164,10025.532
167,7,14,1,1,Oct,8900.1,1,1.35,12015.135
167,7,14,1,1,Nov,3661.5,1,1.035,3789.6525
167,7,14,1,1,Dec,3783.55,1,1.404,5312.1042
3,3,7,2,1,Jan,2608.65,2,1.019,2658.21435
3,3,7,2,1,Feb,2356.2,2,1.159,2730.8358
3,3,7,2,1,Mar,2608.65,2,1.159,3023.42535
3,3,7,2,1,Apr,11058,2,1.101,12174.858
3,3,7,2,1,May,11426.6,2,1.456,16637.1296
3,3,7,2,1,June,11058,2,1.052,11633.016
3,3,7,2,1,July,11426.6,2,1.134,12957.7644
3,3,7,2,1,Aug,11426.6,2,1.212,13849.0392
3,3,7,2,1,Sept,11058,2,1.081,11953.698
3,3,7,2,1,Oct,11426.6,2,1.342,15334.4972
3,3,7,2,1,Nov,2524.5,2,1.255,3168.2475
3,3,7,2,1,Dec,2608.65,2,1.456,3798.1944
5,6,9,2,1,Jan,3186.8,2,1.087,3464.0516
5,6,9,2,1,Feb,2878.4,2,1.424,4098.8416
5,6,9,2,1,Mar,3186.8,2,1.071,3413.0628
5,6,9,2,1,Apr,11991,2,1.159,13897.569
5,6,9,2,1,May,12390.7,2,1.229,15228.1703
5,6,9,2,1,June,11991,2,1.087,13034.217
5,6,9,2,1,July,12390.7,2,1.018,12613.7326
5,6,9,2,1,Aug,12390.7,2,1.168,14472.3376
5,6,9,2,1,Sept,11991,2,1.174,14077.434
5,6,9,2,1,Oct,12390.7,2,1.149,14236.9143
5,6,9,2,1,Nov,3084,2,1.451,4474.884
5,6,9,2,1,Dec,3186.8,2,1.23,3919.764
8,6,9,2,1,Jan,3186.8,2,1.007,3209.1076
8,6,9,2,1,Feb,2878.4,2,1.134,3264.1056
8,6,9,2,1,Mar,3186.8,2,1.247,3973.9396
8,6,9,2,1,Apr,11991,2,1.265,15168.615
8,6,9,2,1,May,12390.7,2,1.394,17272.6358
8,6,9,2,1,June,11991,2,1.271,15240.561
8,6,9,2,1,July,12390.7,2,1.248,15463.5936
8,6,9,2,1,Aug,12390.7,2,1.233,15277.7331
8,6,9,2,1,Sept,11991,2,1.058,12686.478
8,6,9,2,1,Oct,12390.7,2,1.327,16442.4589
8,6,9,2,1,Nov,3084,2,1.395,4302.18
8,6,9,2,1,Dec,3186.8,2,1.175,3744.49
9,5,12,3,1,Jan,4251.65,2,1.038,4413.2127
9,5,12,3,1,Feb,3840.2,2,1.013,3890.1226
9,5,12,3,1,Mar,4251.65,2,1.405,5973.56825
9,5,12,3,1,Apr,16977,2,1.093,18555.861
9,5,12,3,1,May,17542.9,2,1.338,23472.4002
9,5,12,3,1,June,16977,2,1.458,24752.466
9,5,12,3,1,July,17542.9,2,1.123,19700.6767
9,5,12,3,1,Aug,17542.9,2,1.042,18279.7018
9,5,12,3,1,Sept,16977,2,1.006,17078.862
9,5,12,3,1,Oct,17542.9,2,1.483,26016.1207
9,5,12,3,1,Nov,4114.5,2,1.492,6138.834
9,5,12,3,1,Dec,4251.65,2,1.426,6062.8529
13,5,14,2,1,Jan,4171.05,2,1.33,5547.4965
13,5,14,2,1,Feb,3767.4,2,1.154,4347.5796
13,5,14,2,1,Mar,4171.05,2,1.365,5693.48325
13,5,14,2,1,Apr,12819,2,1.175,15062.325
13,5,14,2,1,May,13246.3,2,1.158,15339.2154
13,5,14,2,1,June,12819,2,1.041,13344.579
13,5,14,2,1,July,13246.3,2,1.303,17259.9289
13,5,14,2,1,Aug,13246.3,2,1.413,18717.0219
13,5,14,2,1,Sept,12819,2,1.161,14882.859
13,5,14,2,1,Oct,13246.3,2,1.127,14928.5801
13,5,14,2,1,Nov,4036.5,2,1.406,5675.319
13,5,14,2,1,Dec,4171.05,2,1.024,4271.1552
14,5,13,2,1,Jan,3963.35,2,1.165,4617.30275
14,5,13,2,1,Feb,3579.8,2,1.245,4456.851
14,5,13,2,1,Mar,3963.35,2,1.002,3971.2767
14,5,13,2,1,Apr,12618,2,1.167,14725.206
14,5,13,2,1,May,13038.6,2,1.303,16989.2958
14,5,13,2,1,June,12618,2,1.139,14371.902
14,5,13,2,1,July,13038.6,2,1.137,14824.8882
14,5,13,2,1,Aug,13038.6,2,1.039,13547.1054
14,5,13,2,1,Sept,12618,2,1.177,14851.386
14,5,13,2,1,Oct,13038.6,2,1.187,15476.8182
14,5,13,2,1,Nov,3835.5,2,1.456,5584.488
14,5,13,2,1,Dec,3963.35,2,1.119,4434.98865
15,5,12,2,1,Jan,3755.65,2,1.247,4683.29555
15,5,12,2,1,Feb,3392.2,2,1.136,3853.5392
15,5,12,2,1,Mar,3755.65,2,1.368,5137.7292
15,5,12,2,1,Apr,12417,2,1.274,15819.258
15,5,12,2,1,May,12830.9,2,1.336,17142.0824
15,5,12,2,1,June,12417,2,1.321,16402.857
15,5,12,2,1,July,12830.9,2,1.145,14691.3805
15,5,12,2,1,Aug,12830.9,2,1.401,17976.0909
15,5,12,2,1,Sept,12417,2,1.028,12764.676
15,5,12,2,1,Oct,12830.9,2,1.226,15730.6834
15,5,12,2,1,Nov,3634.5,2,1.095,3979.7775
15,5,12,2,1,Dec,3755.65,2,1.384,5197.8196
16,5,13,3,1,Jan,4459.35,2,1.496,6671.1876
16,5,13,3,1,Feb,4027.8,2,1.082,4358.0796
16,5,13,3,1,Mar,4459.35,2,1.068,4762.5858
16,5,13,3,1,Apr,17178,2,1.357,23310.546
16,5,13,3,1,May,17750.6,2,1.392,24708.8352
16,5,13,3,1,June,17178,2,1.012,17384.136
16,5,13,3,1,July,17750.6,2,1.231,21850.9886
16,5,13,3,1,Aug,17750.6,2,1.263,22419.0078
16,5,13,3,1,Sept,17178,2,1.292,22193.976
16,5,13,3,1,Oct,17750.6,2,1.469,26075.6314
16,5,13,3,1,Nov,4315.5,2,1.294,5584.257
16,5,13,3,1,Dec,4459.35,2,1.354,6037.9599
17,5,14,3,1,Jan,4667.05,2,1.475,6883.89875
17,5,14,3,1,Feb,4215.4,2,1.432,6036.4528
17,5,14,3,1,Mar,4667.05,2,1.22,5693.801
17,5,14,3,1,Apr,17379,2,1.136,19742.544
17,5,14,3,1,May,17958.3,2,1.328,23848.6224
17,5,14,3,1,June,17379,2,1.475,25634.025
17,5,14,3,1,July,17958.3,2,1.336,23992.2888
17,5,14,3,1,Aug,17958.3,2,1.356,24351.4548
17,5,14,3,1,Sept,17379,2,1.098,19082.142
17,5,14,3,1,Oct,17958.3,2,1.448,26003.6184
17,5,14,3,1,Nov,4516.5,2,1.302,5880.483
17,5,14,3,1,Dec,4667.05,2,1.39,6487.1995
18,6,12,3,1,Jan,4305.9,2,1.393,5998.1187
18,6,12,3,1,Feb,3889.2,2,1.045,4064.214
18,6,12,3,1,Mar,4305.9,2,1.401,6032.5659
18,6,12,3,1,Apr,17154,2,1.365,23415.21
18,6,12,3,1,May,17725.8,2,1.414,25064.2812
18,6,12,3,1,June,17154,2,1.1,18869.4
18,6,12,3,1,July,17725.8,2,1.311,23238.5238
18,6,12,3,1,Aug,17725.8,2,1.054,18682.9932
18,6,12,3,1,Sept,17154,2,1.244,21339.576
18,6,12,3,1,Oct,17725.8,2,1.37,24284.346
18,6,12,3,1,Nov,4167,2,1.231,5129.577
18,6,12,3,1,Dec,4305.9,2,1.437,6187.5783
22,6,14,2,1,Jan,4225.3,2,1.12,4732.336
22,6,14,2,1,Feb,3816.4,2,1.426,5442.1864
22,6,14,2,1,Mar,4225.3,2,1.112,4698.5336
22,6,14,2,1,Apr,12996,2,1.388,18038.448
22,6,14,2,1,May,13429.2,2,1.342,18021.9864
22,6,14,2,1,June,12996,2,1.432,18610.272
22,6,14,2,1,July,13429.2,2,1.495,20076.654
22,6,14,2,1,Aug,13429.2,2,1.259,16907.3628
22,6,14,2,1,Sept,12996,2,1.301,16907.796
22,6,14,2,1,Oct,13429.2,2,1.462,19633.4904
22,6,14,2,1,Nov,4089,2,1.086,4440.654
22,6,14,2,1,Dec,4225.3,2,1.339,5657.6767
23,6,12,2,1,Jan,3809.9,2,1.143,4354.7157
23,6,12,2,1,Feb,3441.2,2,1.451,4993.1812
23,6,12,2,1,Mar,3809.9,2,1.499,5711.0401
23,6,12,2,1,Apr,12594,2,1.348,16976.712
23,6,12,2,1,May,13013.8,2,1.236,16085.0568
23,6,12,2,1,June,12594,2,1.094,13777.836
23,6,12,2,1,July,13013.8,2,1.238,16111.0844
23,6,12,2,1,Aug,13013.8,2,1.392,18115.2096
23,6,12,2,1,Sept,12594,2,1.137,14319.378
23,6,12,2,1,Oct,13013.8,2,1.196,15564.5048
23,6,12,2,1,Nov,3687,2,1.233,4546.071
23,6,12,2,1,Dec,3809.9,2,1.202,4579.4998
24,6,13,2,1,Jan,4017.6,2,1.097,4407.3072
24,6,13,2,1,Feb,3628.8,2,1.402,5087.5776
24,6,13,2,1,Mar,4017.6,2,1.46,5865.696
24,6,13,2,1,Apr,12795,2,1.218,15584.31
24,6,13,2,1,May,13221.5,2,1.495,19766.1425
24,6,13,2,1,June,12795,2,1.429,18284.055
24,6,13,2,1,July,13221.5,2,1.305,17254.0575
24,6,13,2,1,Aug,13221.5,2,1.068,14120.562
24,6,13,2,1,Sept,12795,2,1.369,17516.355
24,6,13,2,1,Oct,13221.5,2,1.05,13882.575
24,6,13,2,1,Nov,3888,2,1.431,5563.728
24,6,13,2,1,Dec,4017.6,2,1.02,4097.952
25,6,12,3,1,Jan,4305.9,2,1.334,5744.0706
25,6,12,3,1,Feb,3889.2,2,1.168,4542.5856
25,6,12,3,1,Mar,4305.9,2,1.164,5012.0676
25,6,12,3,1,Apr,17154,2,1.22,20927.88
25,6,12,3,1,May,17725.8,2,1.09,19321.122
25,6,12,3,1,June,17154,2,1.324,22711.896
25,6,12,3,1,July,17725.8,2,1.143,20260.5894
25,6,12,3,1,Aug,17725.8,2,1.498,26553.2484
25,6,12,3,1,Sept,17154,2,1.005,17239.77
25,6,12,3,1,Oct,17725.8,2,1.023,18133.4934
25,6,12,3,1,Nov,4167,2,1.396,5817.132
25,6,12,3,1,Dec,4305.9,2,1.151,4956.0909
26,6,14,3,1,Jan,4721.3,2,1.357,6406.8041
26,6,14,3,1,Feb,4264.4,2,1.131,4823.0364
26,6,14,3,1,Mar,4721.3,2,1.429,6746.7377
26,6,14,3,1,Apr,17556,2,1.485,26070.66
26,6,14,3,1,May,18141.2,2,1.206,21878.2872
26,6,14,3,1,June,17556,2,1.061,18626.916
26,6,14,3,1,July,18141.2,2,1.413,25633.5156
26,6,14,3,1,Aug,18141.2,2,1.451,26322.8812
26,6,14,3,1,Sept,17556,2,1.152,20224.512
26,6,14,3,1,Oct,18141.2,2,1.262,22894.1944
26,6,14,3,1,Nov,4569,2,1.203,5496.507
26,6,14,3,1,Dec,4721.3,2,1.456,6874.2128
27,6,13,3,1,Jan,4513.6,2,1.299,5863.1664
27,6,13,3,1,Feb,4076.8,2,1.331,5426.2208
27,6,13,3,1,Mar,4513.6,2,1.058,4775.3888
27,6,13,3,1,Apr,17355,2,1.414,24539.97
27,6,13,3,1,May,17933.5,2,1.135,20354.5225
27,6,13,3,1,June,17355,2,1.36,23602.8
27,6,13,3,1,July,17933.5,2,1.209,21681.6015
27,6,13,3,1,Aug,17933.5,2,1.258,22560.343
27,6,13,3,1,Sept,17355,2,1.295,22474.725
27,6,13,3,1,Oct,17933.5,2,1.278,22919.013
27,6,13,3,1,Nov,4368,2,1.252,5468.736
27,6,13,3,1,Dec,4513.6,2,1.004,4531.6544
28,6,9,2,1,Jan,3186.8,2,1.217,3878.3356
28,6,9,2,1,Feb,2878.4,2,1.141,3284.2544
28,6,9,2,1,Mar,3186.8,2,1.252,3989.8736
28,6,9,2,1,Apr,11991,2,1.022,12254.802
28,6,9,2,1,May,12390.7,2,1.105,13691.7235
28,6,9,2,1,June,11991,2,1.441,17279.031
28,6,9,2,1,July,12390.7,2,1.441,17854.9987
28,6,9,2,1,Aug,12390.7,2,1.477,18301.0639
28,6,9,2,1,Sept,11991,2,1.309,15696.219
28,6,9,2,1,Oct,12390.7,2,1.045,12948.2815
28,6,9,2,1,Nov,3084,2,1.462,4508.808
28,6,9,2,1,Dec,3186.8,2,1.335,4254.378
29,6,10,2,1,Jan,3394.5,2,1.304,4426.428
29,6,10,2,1,Feb,3066,2,1.401,4295.466
29,6,10,2,1,Mar,3394.5,2,1.238,4202.391
29,6,10,2,1,Apr,12192,2,1.047,12765.024
29,6,10,2,1,May,12598.4,2,1.303,16415.7152
29,6,10,2,1,June,12192,2,1.144,13947.648
29,6,10,2,1,July,12598.4,2,1.31,16503.904
29,6,10,2,1,Aug,12598.4,2,1.402,17662.9568
29,6,10,2,1,Sept,12192,2,1.244,15166.848
29,6,10,2,1,Oct,12598.4,2,1.113,14022.0192
29,6,10,2,1,Nov,3285,2,1.253,4116.105
29,6,10,2,1,Dec,3394.5,2,1.114,3781.473
30,6,8,2,1,Jan,2979.1,2,1.44,4289.904
30,6,8,2,1,Feb,2690.8,2,1.216,3272.0128
30,6,8,2,1,Mar,2979.1,2,1.175,3500.4425
30,6,8,2,1,Apr,11790,2,1.018,12002.22
30,6,8,2,1,May,12183,2,1.003,12219.549
30,6,8,2,1,June,11790,2,1.368,16128.72
30,6,8,2,1,July,12183,2,1.271,15484.593
30,6,8,2,1,Aug,12183,2,1.23,14985.09
30,6,8,2,1,Sept,11790,2,1.37,16152.3
30,6,8,2,1,Oct,12183,2,1.051,12804.333
30,6,8,2,1,Nov,2883,2,1.428,4116.924
30,6,8,2,1,Dec,2979.1,2,1.331,3965.1821
34,5,12,2,1,Jan,3755.65,2,1.499,5629.71935
34,5,12,2,1,Feb,3392.2,2,1.12,3799.264
34,5,12,2,1,Mar,3755.65,2,1.114,4183.7941
34,5,12,2,1,Apr,12417,2,1.041,12926.097
34,5,12,2,1,May,12830.9,2,1.222,15679.3598
34,5,12,2,1,June,12417,2,1.132,14056.044
34,5,12,2,1,July,12830.9,2,1.24,15910.316
34,5,12,2,1,Aug,12830.9,2,1.066,13677.7394
34,5,12,2,1,Sept,12417,2,1.283,15931.011
34,5,12,2,1,Oct,12830.9,2,1.029,13202.9961
34,5,12,2,1,Nov,3634.5,2,1.315,4779.3675
34,5,12,2,1,Dec,3755.65,2,1.352,5077.6388
35,5,9,2,1,Jan,3132.55,2,1.409,4413.76295
35,5,9,2,1,Feb,2829.4,2,1.426,4034.7244
35,5,9,2,1,Mar,3132.55,2,1.344,4210.1472
35,5,9,2,1,Apr,11814,2,1.308,15452.712
35,5,9,2,1,May,12207.8,2,1.122,13697.1516
35,5,9,2,1,June,11814,2,1.485,17543.79
35,5,9,2,1,July,12207.8,2,1.262,15406.2436
35,5,9,2,1,Aug,12207.8,2,1.231,15027.8018
35,5,9,2,1,Sept,11814,2,1.441,17023.974
35,5,9,2,1,Oct,12207.8,2,1.025,12512.995
35,5,9,2,1,Nov,3031.5,2,1.24,3759.06
35,5,9,2,1,Dec,3132.55,2,1.005,3148.21275
36,5,10,2,1,Jan,3340.25,2,1.334,4455.8935
36,5,10,2,1,Feb,3017,2,1.05,3167.85
36,5,10,2,1,Mar,3340.25,2,1.448,4836.682
36,5,10,2,1,Apr,12015,2,1.406,16893.09
36,5,10,2,1,May,12415.5,2,1.066,13234.923
36,5,10,2,1,June,12015,2,1.338,16076.07
36,5,10,2,1,July,12415.5,2,1.371,17021.6505
36,5,10,2,1,Aug,12415.5,2,1.032,12812.796
36,5,10,2,1,Sept,12015,2,1.254,15066.81
36,5,10,2,1,Oct,12415.5,2,1.243,15432.4665
36,5,10,2,1,Nov,3232.5,2,1.199,3875.7675
36,5,10,2,1,Dec,3340.25,2,1.187,3964.87675
37,5,8,2,1,Jan,2924.85,2,1.293,3781.83105
37,5,8,2,1,Feb,2641.8,2,1.197,3162.2346
37,5,8,2,1,Mar,2924.85,2,1.378,4030.4433
37,5,8,2,1,Apr,11613,2,1.15,13354.95
37,5,8,2,1,May,12000.1,2,1.124,13488.1124
37,5,8,2,1,June,11613,2,1.285,14922.705
37,5,8,2,1,July,12000.1,2,1.454,17448.1454
37,5,8,2,1,Aug,12000.1,2,1.492,17904.1492
37,5,8,2,1,Sept,11613,2,1.348,15654.324
37,5,8,2,1,Oct,12000.1,2,1.055,12660.1055
37,5,8,2,1,Nov,2830.5,2,1.073,3037.1265
37,5,8,2,1,Dec,2924.85,2,1.072,3135.4392
47,7,10,2,1,Jan,3448.75,2,1.081,3728.09875
47,7,10,2,1,Feb,3115,2,1.035,3224.025
47,7,10,2,1,Mar,3448.75,2,1.126,3883.2925
47,7,10,2,1,Apr,12369,2,1.296,16030.224
47,7,10,2,1,May,12781.3,2,1.084,13854.9292
47,7,10,2,1,June,12369,2,1.398,17291.862
47,7,10,2,1,July,12781.3,2,1.29,16487.877
47,7,10,2,1,Aug,12781.3,2,1.063,13586.5219
47,7,10,2,1,Sept,12369,2,1.117,13816.173
47,7,10,2,1,Oct,12781.3,2,1.398,17868.2574
47,7,10,2,1,Nov,3337.5,2,1.35,4505.625
47,7,10,2,1,Dec,3448.75,2,1.184,4083.32
48,7,11,2,1,Jan,3656.45,2,1.324,4841.1398
48,7,11,2,1,Feb,3302.6,2,1.267,4184.3942
48,7,11,2,1,Mar,3656.45,2,1.435,5247.00575
48,7,11,2,1,Apr,12570,2,1.113,13990.41
48,7,11,2,1,May,12989,2,1.302,16911.678
48,7,11,2,1,June,12570,2,1.043,13110.51
48,7,11,2,1,July,12989,2,1.078,14002.142
48,7,11,2,1,Aug,12989,2,1.449,18821.061
48,7,11,2,1,Sept,12570,2,1.073,13487.61
48,7,11,2,1,Oct,12989,2,1.311,17028.579
48,7,11,2,1,Nov,3538.5,2,1.448,5123.748
48,7,11,2,1,Dec,3656.45,2,1.335,4881.36075
49,7,9,2,1,Jan,3241.05,2,1.063,3445.23615
49,7,9,2,1,Feb,2927.4,2,1.456,4262.2944
49,7,9,2,1,Mar,3241.05,2,1.099,3561.91395
49,7,9,2,1,Apr,12168,2,1.103,13421.304
49,7,9,2,1,May,12573.6,2,1.486,18684.3696
49,7,9,2,1,June,12168,2,1.012,12314.016
49,7,9,2,1,July,12573.6,2,1.036,13026.2496
49,7,9,2,1,Aug,12573.6,2,1.497,18822.6792
49,7,9,2,1,Sept,12168,2,1.467,17850.456
49,7,9,2,1,Oct,12573.6,2,1.335,16785.756
49,7,9,2,1,Nov,3136.5,2,1.37,4297.005
49,7,9,2,1,Dec,3241.05,2,1.065,3451.71825
53,6,10,2,1,Jan,3394.5,2,1.139,3866.3355
53,6,10,2,1,Feb,3066,2,1.043,3197.838
53,6,10,2,1,Mar,3394.5,2,1.213,4117.5285
53,6,10,2,1,Apr,12192,2,1.291,15739.872
53,6,10,2,1,May,12598.4,2,1.108,13959.0272
53,6,10,2,1,June,12192,2,1.315,16032.48
53,6,10,2,1,July,12598.4,2,1.015,12787.376
53,6,10,2,1,Aug,12598.4,2,1.422,17914.9248
53,6,10,2,1,Sept,12192,2,1.404,17117.568
53,6,10,2,1,Oct,12598.4,2,1.068,13455.0912
53,6,10,2,1,Nov,3285,2,1.277,4194.945
53,6,10,2,1,Dec,3394.5,2,1.474,5003.493
54,6,11,2,1,Jan,3602.2,2,1.425,5133.135
54,6,11,2,1,Feb,3253.6,2,1.033,3360.9688
54,6,11,2,1,Mar,3602.2,2,1.299,4679.2578
54,6,11,2,1,Apr,12393,2,1.454,18019.422
54,6,11,2,1,May,12806.1,2,1.431,18325.5291
54,6,11,2,1,June,12393,2,1.348,16705.764
54,6,11,2,1,July,12806.1,2,1.408,18030.9888
54,6,11,2,1,Aug,12806.1,2,1.421,18197.4681
54,6,11,2,1,Sept,12393,2,1.229,15230.997
54,6,11,2,1,Oct,12806.1,2,1.374,17595.5814
54,6,11,2,1,Nov,3486,2,1.15,4008.9
54,6,11,2,1,Dec,3602.2,2,1.164,4192.9608
55,6,9,2,1,Jan,3186.8,2,1.254,3996.2472
55,6,9,2,1,Feb,2878.4,2,1.203,3462.7152
55,6,9,2,1,Mar,3186.8,2,1.145,3648.886
55,6,9,2,1,Apr,11991,2,1.367,16391.697
55,6,9,2,1,May,12390.7,2,1.177,14583.8539
55,6,9,2,1,June,11991,2,1.331,15960.021
55,6,9,2,1,July,12390.7,2,1.186,14695.3702
55,6,9,2,1,Aug,12390.7,2,1.116,13828.0212
55,6,9,2,1,Sept,11991,2,1.471,17638.761
55,6,9,2,1,Oct,12390.7,2,1.188,14720.1516
55,6,9,2,1,Nov,3084,2,1.054,3250.536
55,6,9,2,1,Dec,3186.8,2,1.058,3371.6344
56,7,10,3,1,Jan,3944.75,2,1.475,5818.50625
56,7,10,3,1,Feb,3563,2,1.472,5244.736
56,7,10,3,1,Mar,3944.75,2,1.016,4007.866
56,7,10,3,1,Apr,16929,2,1.134,19197.486
56,7,10,3,1,May,17493.3,2,1.474,25785.1242
56,7,10,3,1,June,16929,2,1.381,23378.949
56,7,10,3,1,July,17493.3,2,1.495,26152.4835
56,7,10,3,1,Aug,17493.3,2,1.163,20344.7079
56,7,10,3,1,Sept,16929,2,1.056,17877.024
56,7,10,3,1,Oct,17493.3,2,1.486,25995.0438
56,7,10,3,1,Nov,3817.5,2,1.067,4073.2725
56,7,10,3,1,Dec,3944.75,2,1.087,4287.94325
57,7,11,3,1,Jan,4152.45,2,1.156,4800.2322
57,7,11,3,1,Feb,3750.6,2,1.063,3986.8878
57,7,11,3,1,Mar,4152.45,2,1.119,4646.59155
57,7,11,3,1,Apr,17130,2,1.428,24461.64
57,7,11,3,1,May,17701,2,1.091,19311.791
57,7,11,3,1,June,17130,2,1.218,20864.34
57,7,11,3,1,July,17701,2,1.312,23223.712
57,7,11,3,1,Aug,17701,2,1.472,26055.872
57,7,11,3,1,Sept,17130,2,1.197,20504.61
57,7,11,3,1,Oct,17701,2,1.16,20533.16
57,7,11,3,1,Nov,4018.5,2,1.343,5396.8455
57,7,11,3,1,Dec,4152.45,2,1.332,5531.0634
58,7,9,3,1,Jan,3737.05,2,1.233,4607.78265
58,7,9,3,1,Feb,3375.4,2,1.384,4671.5536
58,7,9,3,1,Mar,3737.05,2,1.463,5467.30415
58,7,9,3,1,Apr,16728,2,1.385,23168.28
58,7,9,3,1,May,17285.6,2,1.159,20034.0104
58,7,9,3,1,June,16728,2,1.436,24021.408
58,7,9,3,1,July,17285.6,2,1.196,20673.5776
58,7,9,3,1,Aug,17285.6,2,1.174,20293.2944
58,7,9,3,1,Sept,16728,2,1.146,19170.288
58,7,9,3,1,Oct,17285.6,2,1.277,22073.7112
58,7,9,3,1,Nov,3616.5,2,1.347,4871.4255
58,7,9,3,1,Dec,3737.05,2,1.083,4047.22515
59,7,10,3,1,Jan,3944.75,2,1.235,4871.76625
59,7,10,3,1,Feb,3563,2,1.062,3783.906
59,7,10,3,1,Mar,3944.75,2,1.039,4098.59525
59,7,10,3,1,Apr,16929,2,1.081,18300.249
59,7,10,3,1,May,17493.3,2,1.48,25890.084
59,7,10,3,1,June,16929,2,1.387,23480.523
59,7,10,3,1,July,17493.3,2,1.263,22094.0379
59,7,10,3,1,Aug,17493.3,2,1.491,26082.5103
59,7,10,3,1,Sept,16929,2,1.147,19417.563
59,7,10,3,1,Oct,17493.3,2,1.302,22776.2766
59,7,10,3,1,Nov,3817.5,2,1.306,4985.655
59,7,10,3,1,Dec,3944.75,2,1.115,4398.39625
60,7,11,3,1,Jan,4152.45,2,1.081,4488.79845
60,7,11,3,1,Feb,3750.6,2,1.492,5595.8952
60,7,11,3,1,Mar,4152.45,2,1.281,5319.28845
60,7,11,3,1,Apr,17130,2,1.101,18860.13
60,7,11,3,1,May,17701,2,1.276,22586.476
60,7,11,3,1,June,17130,2,1.189,20367.57
60,7,11,3,1,July,17701,2,1.008,17842.608
60,7,11,3,1,Aug,17701,2,1.244,22020.044
60,7,11,3,1,Sept,17130,2,1.358,23262.54
60,7,11,3,1,Oct,17701,2,1.414,25029.214
60,7,11,3,1,Nov,4018.5,2,1.056,4243.536
60,7,11,3,1,Dec,4152.45,2,1.358,5639.0271
61,7,9,3,1,Jan,3737.05,2,1.274,4761.0017
61,7,9,3,1,Feb,3375.4,2,1.176,3969.4704
61,7,9,3,1,Mar,3737.05,2,1.397,5220.65885
61,7,9,3,1,Apr,16728,2,1.072,17932.416
61,7,9,3,1,May,17285.6,2,1.341,23179.9896
61,7,9,3,1,June,16728,2,1.227,20525.256
61,7,9,3,1,July,17285.6,2,1.349,23318.2744
61,7,9,3,1,Aug,17285.6,2,1.249,21589.7144
61,7,9,3,1,Sept,16728,2,1.489,24907.992
61,7,9,3,1,Oct,17285.6,2,1.391,24044.2696
61,7,9,3,1,Nov,3616.5,2,1.302,4708.683
61,7,9,3,1,Dec,3737.05,2,1.366,5104.8103
62,6,10,3,1,Jan,3890.5,2,1.105,4299.0025
62,6,10,3,1,Feb,3514,2,1.367,4803.638
62,6,10,3,1,Mar,3890.5,2,1.077,4190.0685
62,6,10,3,1,Apr,16752,2,1.425,23871.6
62,6,10,3,1,May,17310.4,2,1.202,20807.1008
62,6,10,3,1,June,16752,2,1.239,20755.728
62,6,10,3,1,July,17310.4,2,1.258,21776.4832
62,6,10,3,1,Aug,17310.4,2,1.018,17621.9872
62,6,10,3,1,Sept,16752,2,1.342,22481.184
62,6,10,3,1,Oct,17310.4,2,1.192,20633.9968
62,6,10,3,1,Nov,3765,2,1.344,5060.16
62,6,10,3,1,Dec,3890.5,2,1.325,5154.9125
63,6,11,3,1,Jan,4098.2,2,1.267,5192.4194
63,6,11,3,1,Feb,3701.6,2,1.211,4482.6376
63,6,11,3,1,Mar,4098.2,2,1.207,4946.5274
63,6,11,3,1,Apr,16953,2,1.231,20869.143
63,6,11,3,1,May,17518.1,2,1.001,17535.6181
63,6,11,3,1,June,16953,2,1.169,19818.057
63,6,11,3,1,July,17518.1,2,1.023,17921.0163
63,6,11,3,1,Aug,17518.1,2,1.39,24350.159
63,6,11,3,1,Sept,16953,2,1.39,23564.67
63,6,11,3,1,Oct,17518.1,2,1.41,24700.521
63,6,11,3,1,Nov,3966,2,1.13,4481.58
63,6,11,3,1,Dec,4098.2,2,1.307,5356.3474
64,6,9,3,1,Jan,3682.8,2,1.035,3811.698
64,6,9,3,1,Feb,3326.4,2,1.004,3339.7056
64,6,9,3,1,Mar,3682.8,2,1.084,3992.1552
64,6,9,3,1,Apr,16551,2,1.075,17792.325
64,6,9,3,1,May,17102.7,2,1.386,23704.3422
64,6,9,3,1,June,16551,2,1.389,22989.339
64,6,9,3,1,July,17102.7,2,1.155,19753.6185
64,6,9,3,1,Aug,17102.7,2,1.093,18693.2511
64,6,9,3,1,Sept,16551,2,1.432,23701.032
64,6,9,3,1,Oct,17102.7,2,1.146,19599.6942
64,6,9,3,1,Nov,3564,2,1.49,5310.36
64,6,9,3,1,Dec,3682.8,2,1.001,3686.4828
65,6,10,3,1,Jan,3890.5,2,1.418,5516.729
65,6,10,3,1,Feb,3514,2,1.079,3791.606
65,6,10,3,1,Mar,3890.5,2,1.236,4808.658
65,6,10,3,1,Apr,16752,2,1.21,20269.92
65,6,10,3,1,May,17310.4,2,1.297,22451.5888
65,6,10,3,1,June,16752,2,1.211,20286.672
65,6,10,3,1,July,17310.4,2,1.122,19422.2688
65,6,10,3,1,Aug,17310.4,2,1.207,20893.6528
65,6,10,3,1,Sept,16752,2,1.297,21727.344
65,6,10,3,1,Oct,17310.4,2,1.139,19716.5456
65,6,10,3,1,Nov,3765,2,1.197,4506.705
65,6,10,3,1,Dec,3890.5,2,1.35,5252.175
66,6,11,3,1,Jan,4098.2,2,1.43,5860.426
66,6,11,3,1,Feb,3701.6,2,1.023,3786.7368
66,6,11,3,1,Mar,4098.2,2,1.275,5225.205
66,6,11,3,1,Apr,16953,2,1.097,18597.441
66,6,11,3,1,May,17518.1,2,1.081,18937.0661
66,6,11,3,1,June,16953,2,1.256,21292.968
66,6,11,3,1,July,17518.1,2,1.001,17535.6181
66,6,11,3,1,Aug,17518.1,2,1.043,18271.3783
66,6,11,3,1,Sept,16953,2,1.417,24022.401
66,6,11,3,1,Oct,17518.1,2,1.063,18621.7403
66,6,11,3,1,Nov,3966,2,1.46,5790.36
66,6,11,3,1,Dec,4098.2,2,1.279,5241.5978
67,6,9,3,1,Jan,3682.8,2,1.334,4912.8552
67,6,9,3,1,Feb,3326.4,2,1.482,4929.7248
67,6,9,3,1,Mar,3682.8,2,1.274,4691.8872
67,6,9,3,1,Apr,16551,2,1.416,23436.216
67,6,9,3,1,May,17102.7,2,1.416,24217.4232
67,6,9,3,1,June,16551,2,1.269,21003.219
67,6,9,3,1,July,17102.7,2,1.3,22233.51
67,6,9,3,1,Aug,17102.7,2,1.161,19856.2347
67,6,9,3,1,Sept,16551,2,1.007,16666.857
67,6,9,3,1,Oct,17102.7,2,1.386,23704.3422
67,6,9,3,1,Nov,3564,2,1.2,4276.8
67,6,9,3,1,Dec,3682.8,2,1.097,4040.0316
68,6,9,2,1,Jan,3186.8,2,1.418,4518.8824
68,6,9,2,1,Feb,2878.4,2,1.243,3577.8512
68,6,9,2,1,Mar,3186.8,2,1.496,4767.4528
68,6,9,2,1,Apr,11991,2,1.229,14736.939
68,6,9,2,1,May,12390.7,2,1.063,13171.3141
68,6,9,2,1,June,11991,2,1.357,16271.787
68,6,9,2,1,July,12390.7,2,1.058,13109.3606
68,6,9,2,1,Aug,12390.7,2,1.039,12873.9373
68,6,9,2,1,Sept,11991,2,1.41,16907.31
68,6,9,2,1,Oct,12390.7,2,1.038,12861.5466
68,6,9,2,1,Nov,3084,2,1.408,4342.272
68,6,9,2,1,Dec,3186.8,2,1.138,3626.5784
69,6,8,2,1,Jan,2979.1,2,1.055,3142.9505
69,6,8,2,1,Feb,2690.8,2,1.082,2911.4456
69,6,8,2,1,Mar,2979.1,2,1.287,3834.1017
69,6,8,2,1,Apr,11790,2,1.159,13664.61
69,6,8,2,1,May,12183,2,1.466,17860.278
69,6,8,2,1,June,11790,2,1.341,15810.39
69,6,8,2,1,July,12183,2,1.474,17957.742
69,6,8,2,1,Aug,12183,2,1.289,15703.887
69,6,8,2,1,Sept,11790,2,1.033,12179.07
69,6,8,2,1,Oct,12183,2,1.287,15679.521
69,6,8,2,1,Nov,2883,2,1.083,3122.289
69,6,8,2,1,Dec,2979.1,2,1.324,3944.3284
70,6,7,2,1,Jan,2771.4,2,1.453,4026.8442
70,6,7,2,1,Feb,2503.2,2,1.477,3697.2264
70,6,7,2,1,Mar,2771.4,2,1.271,3522.4494
70,6,7,2,1,Apr,11589,2,1.26,14602.14
70,6,7,2,1,May,11975.3,2,1.234,14777.5202
70,6,7,2,1,June,11589,2,1.021,11832.369
70,6,7,2,1,July,11975.3,2,1.161,13903.3233
70,6,7,2,1,Aug,11975.3,2,1.339,16034.9267
70,6,7,2,1,Sept,11589,2,1.119,12968.091
70,6,7,2,1,Oct,11975.3,2,1.299,15555.9147
70,6,7,2,1,Nov,2682,2,1.171,3140.622
70,6,7,2,1,Dec,2771.4,2,1.032,2860.0848
74,5,9,2,1,Jan,3132.55,2,1.463,4582.92065
74,5,9,2,1,Feb,2829.4,2,1.389,3930.0366
74,5,9,2,1,Mar,3132.55,2,1.056,3307.9728
74,5,9,2,1,Apr,11814,2,1.135,13408.89
74,5,9,2,1,May,12207.8,2,1.465,17884.427
74,5,9,2,1,June,11814,2,1.052,12428.328
74,5,9,2,1,July,12207.8,2,1.201,14661.5678
74,5,9,2,1,Aug,12207.8,2,1.148,14014.5544
74,5,9,2,1,Sept,11814,2,1.3,15358.2
74,5,9,2,1,Oct,12207.8,2,1.335,16297.413
74,5,9,2,1,Nov,3031.5,2,1.197,3628.7055
74,5,9,2,1,Dec,3132.55,2,1.484,4648.7042
75,5,8,2,1,Jan,2924.85,2,1.01,2954.0985
75,5,8,2,1,Feb,2641.8,2,1.063,2808.2334
75,5,8,2,1,Mar,2924.85,2,1.273,3723.33405
75,5,8,2,1,Apr,11613,2,1.03,11961.39
75,5,8,2,1,May,12000.1,2,1.271,15252.1271
75,5,8,2,1,June,11613,2,1.153,13389.789
75,5,8,2,1,July,12000.1,2,1.362,16344.1362
75,5,8,2,1,Aug,12000.1,2,1.216,14592.1216
75,5,8,2,1,Sept,11613,2,1.438,16699.494
75,5,8,2,1,Oct,12000.1,2,1.258,15096.1258
75,5,8,2,1,Nov,2830.5,2,1.389,3931.5645
75,5,8,2,1,Dec,2924.85,2,1.195,3495.19575
76,5,7,2,1,Jan,2717.15,2,1.351,3670.86965
76,5,7,2,1,Feb,2454.2,2,1.151,2824.7842
76,5,7,2,1,Mar,2717.15,2,1.062,2885.6133
76,5,7,2,1,Apr,11412,2,1.232,14059.584
76,5,7,2,1,May,11792.4,2,1.469,17323.0356
76,5,7,2,1,June,11412,2,1.12,12781.44
76,5,7,2,1,July,11792.4,2,1.332,15707.4768
76,5,7,2,1,Aug,11792.4,2,1.081,12747.5844
76,5,7,2,1,Sept,11412,2,1.355,15463.26
76,5,7,2,1,Oct,11792.4,2,1.487,17535.2988
76,5,7,2,1,Nov,2629.5,2,1.002,2634.759
76,5,7,2,1,Dec,2717.15,2,1.391,3779.55565
80,7,9,2,1,Jan,3241.05,2,1.145,3711.00225
80,7,9,2,1,Feb,2927.4,2,1.439,4212.5286
80,7,9,2,1,Mar,3241.05,2,1.185,3840.64425
80,7,9,2,1,Apr,12168,2,1.237,15051.816
80,7,9,2,1,May,12573.6,2,1.392,17502.4512
80,7,9,2,1,June,12168,2,1.303,15854.904
80,7,9,2,1,July,12573.6,2,1.001,12586.1736
80,7,9,2,1,Aug,12573.6,2,1.36,17100.096
80,7,9,2,1,Sept,12168,2,1.247,15173.496
80,7,9,2,1,Oct,12573.6,2,1.245,15654.132
80,7,9,2,1,Nov,3136.5,2,1.319,4137.0435
80,7,9,2,1,Dec,3241.05,2,1.446,4686.5583
81,7,8,2,1,Jan,3033.35,2,1.31,3973.6885
81,7,8,2,1,Feb,2739.8,2,1.407,3854.8986
81,7,8,2,1,Mar,3033.35,2,1.406,4264.8901
81,7,8,2,1,Apr,11967,2,1.488,17806.896
81,7,8,2,1,May,12365.9,2,1.445,17868.7255
81,7,8,2,1,June,11967,2,1.49,17830.83
81,7,8,2,1,July,12365.9,2,1.388,17163.8692
81,7,8,2,1,Aug,12365.9,2,1.019,12600.8521
81,7,8,2,1,Sept,11967,2,1.464,17519.688
81,7,8,2,1,Oct,12365.9,2,1.256,15531.5704
81,7,8,2,1,Nov,2935.5,2,1.061,3114.5655
81,7,8,2,1,Dec,3033.35,2,1.086,3294.2181
82,7,7,2,1,Jan,2825.65,2,1.085,3065.83025
82,7,7,2,1,Feb,2552.2,2,1.317,3361.2474
82,7,7,2,1,Mar,2825.65,2,1.271,3591.40115
82,7,7,2,1,Apr,11766,2,1.47,17296.02
82,7,7,2,1,May,12158.2,2,1.312,15951.5584
82,7,7,2,1,June,11766,2,1.012,11907.192
82,7,7,2,1,July,12158.2,2,1.232,14978.9024
82,7,7,2,1,Aug,12158.2,2,1.141,13872.5062
82,7,7,2,1,Sept,11766,2,1.325,15589.95
82,7,7,2,1,Oct,12158.2,2,1.111,13507.7602
82,7,7,2,1,Nov,2734.5,2,1.347,3683.3715
82,7,7,2,1,Dec,2825.65,2,1.338,3780.7197
87,5,9,2,1,Jan,3132.55,2,1.081,3386.28655
87,5,9,2,1,Feb,2829.4,2,1.342,3797.0548
87,5,9,2,1,Mar,3132.55,2,1.255,3931.35025
87,5,9,2,1,Apr,11814,2,1.456,17201.184
87,5,9,2,1,May,12207.8,2,1.113,13587.2814
87,5,9,2,1,June,11814,2,1.455,17189.37
87,5,9,2,1,July,12207.8,2,1.005,12268.839
87,5,9,2,1,Aug,12207.8,2,1.238,15113.2564
87,5,9,2,1,Sept,11814,2,1.139,13456.146
87,5,9,2,1,Oct,12207.8,2,1.323,16150.9194
87,5,9,2,1,Nov,3031.5,2,1.304,3953.076
87,5,9,2,1,Dec,3132.55,2,1.032,3232.7916
89,5,8,2,1,Jan,2924.85,2,1.174,3433.7739
89,5,8,2,1,Feb,2641.8,2,1.149,3035.4282
89,5,8,2,1,Mar,2924.85,2,1.451,4243.95735
89,5,8,2,1,Apr,11613,2,1.23,14283.99
89,5,8,2,1,May,12000.1,2,1.389,16668.1389
89,5,8,2,1,June,11613,2,1.059,12298.167
89,5,8,2,1,July,12000.1,2,1.089,13068.1089
89,5,8,2,1,Aug,12000.1,2,1.092,13104.1092
89,5,8,2,1,Sept,11613,2,1.385,16084.005
89,5,8,2,1,Oct,12000.1,2,1.43,17160.143
89,5,8,2,1,Nov,2830.5,2,1.051,2974.8555
89,5,8,2,1,Dec,2924.85,2,1.416,4141.5876
91,5,10,2,1,Jan,3340.25,2,1.004,3353.611
91,5,10,2,1,Feb,3017,2,1.16,3499.72
91,5,10,2,1,Mar,3340.25,2,1.262,4215.3955
91,5,10,2,1,Apr,12015,2,1.231,14790.465
91,5,10,2,1,May,12415.5,2,1.007,12502.4085
91,5,10,2,1,June,12015,2,1.134,13625.01
91,5,10,2,1,July,12415.5,2,1.247,15482.1285
91,5,10,2,1,Aug,12415.5,2,1.265,15705.6075
91,5,10,2,1,Sept,12015,2,1.394,16748.91
91,5,10,2,1,Oct,12415.5,2,1.271,15780.1005
91,5,10,2,1,Nov,3232.5,2,1.248,4034.16
91,5,10,2,1,Dec,3340.25,2,1.233,4118.52825
92,3,7,2,1,Jan,2608.65,2,1.058,2759.9517
92,3,7,2,1,Feb,2356.2,2,1.327,3126.6774
92,3,7,2,1,Mar,2608.65,2,1.395,3639.06675
92,3,7,2,1,Apr,11058,2,1.175,12993.15
92,3,7,2,1,May,11426.6,2,1.038,11860.8108
92,3,7,2,1,June,11058,2,1.013,11201.754
92,3,7,2,1,July,11426.6,2,1.405,16054.373
92,3,7,2,1,Aug,11426.6,2,1.093,12489.2738
92,3,7,2,1,Sept,11058,2,1.338,14795.604
92,3,7,2,1,Oct,11426.6,2,1.458,16659.9828
92,3,7,2,1,Nov,2524.5,2,1.123,2835.0135
92,3,7,2,1,Dec,2608.65,2,1.042,2718.2133
93,3,8,2,1,Jan,2816.35,2,1.006,2833.2481
93,3,8,2,1,Feb,2543.8,2,1.483,3772.4554
93,3,8,2,1,Mar,2816.35,2,1.492,4201.9942
93,3,8,2,1,Apr,11259,2,1.426,16055.334
93,3,8,2,1,May,11634.3,2,1.235,14368.3605
93,3,8,2,1,June,11259,2,1.49,16775.91
93,3,8,2,1,July,11634.3,2,1.337,15555.0591
93,3,8,2,1,Aug,11634.3,2,1.432,16660.3176
93,3,8,2,1,Sept,11259,2,1.425,16044.075
93,3,8,2,1,Oct,11634.3,2,1.413,16439.2659
93,3,8,2,1,Nov,2725.5,2,1.156,3150.678
93,3,8,2,1,Dec,2816.35,2,1.314,3700.6839
94,3,9,2,1,Jan,3024.05,2,1.144,3459.5132
94,3,9,2,1,Feb,2731.4,2,1.262,3447.0268
94,3,9,2,1,Mar,3024.05,2,1.427,4315.31935
94,3,9,2,1,Apr,11460,2,1.237,14176.02
94,3,9,2,1,May,11842,2,1.254,14849.868
94,3,9,2,1,June,11460,2,1.354,15516.84
94,3,9,2,1,July,11842,2,1.413,16732.746
94,3,9,2,1,Aug,11842,2,1.14,13499.88
94,3,9,2,1,Sept,11460,2,1.111,12732.06
94,3,9,2,1,Oct,11842,2,1.315,15572.23
94,3,9,2,1,Nov,2926.5,2,1.401,4100.0265
94,3,9,2,1,Dec,3024.05,2,1.457,4406.04085
95,3,6,2,1,Jan,2400.95,2,1.251,3003.58845
95,3,6,2,1,Feb,2168.6,2,1.403,3042.5458
95,3,6,2,1,Mar,2400.95,2,1.437,3450.16515
95,3,6,2,1,Apr,10857,2,1.179,12800.403
95,3,6,2,1,May,11218.9,2,1.268,14225.5652
95,3,6,2,1,June,10857,2,1.108,12029.556
95,3,6,2,1,July,11218.9,2,1.265,14191.9085
95,3,6,2,1,Aug,11218.9,2,1.051,11791.0639
95,3,6,2,1,Sept,10857,2,1.23,13354.11
95,3,6,2,1,Oct,11218.9,2,1.337,14999.6693
95,3,6,2,1,Nov,2323.5,2,1.415,3287.7525
95,3,6,2,1,Dec,2400.95,2,1.228,2948.3666
120,4,7,2,1,Jan,2662.9,2,1.254,3339.2766
120,4,7,2,1,Feb,2405.2,2,1.243,2989.6636
120,4,7,2,1,Mar,2662.9,2,1.199,3192.8171
120,4,7,2,1,Apr,11235,2,1.187,13335.945
120,4,7,2,1,May,11609.5,2,1.293,15011.0835
120,4,7,2,1,June,11235,2,1.197,13448.295
120,4,7,2,1,July,11609.5,2,1.378,15997.891
120,4,7,2,1,Aug,11609.5,2,1.15,13350.925
120,4,7,2,1,Sept,11235,2,1.124,12628.14
120,4,7,2,1,Oct,11609.5,2,1.285,14918.2075
120,4,7,2,1,Nov,2577,2,1.454,3746.958
120,4,7,2,1,Dec,2662.9,2,1.492,3973.0468
121,4,6,2,1,Jan,2455.2,2,1.348,3309.6096
121,4,6,2,1,Feb,2217.6,2,1.055,2339.568
121,4,6,2,1,Mar,2455.2,2,1.073,2634.4296
121,4,6,2,1,Apr,11034,2,1.072,11828.448
121,4,6,2,1,May,11401.8,2,1.117,12735.8106
121,4,6,2,1,June,11034,2,1.449,15988.266
121,4,6,2,1,July,11401.8,2,1.219,13898.7942
121,4,6,2,1,Aug,11401.8,2,1.009,11504.4162
121,4,6,2,1,Sept,11034,2,1.463,16142.742
121,4,6,2,1,Oct,11401.8,2,1.003,11436.0054
121,4,6,2,1,Nov,2376,2,1.117,2653.992
121,4,6,2,1,Dec,2455.2,2,1.317,3233.4984
122,4,8,2,1,Jan,2870.6,2,1.283,3682.9798
122,4,8,2,1,Feb,2592.8,2,1.069,2771.7032
122,4,8,2,1,Mar,2870.6,2,1.155,3315.543
122,4,8,2,1,Apr,11436,2,1.425,16296.3
122,4,8,2,1,May,11817.2,2,1.09,12880.748
122,4,8,2,1,June,11436,2,1.448,16559.328
122,4,8,2,1,July,11817.2,2,1.152,13613.4144
122,4,8,2,1,Aug,11817.2,2,1.111,13128.9092
122,4,8,2,1,Sept,11436,2,1.347,15404.292
122,4,8,2,1,Oct,11817.2,2,1.399,16532.2628
122,4,8,2,1,Nov,2778,2,1.362,3783.636
122,4,8,2,1,Dec,2870.6,2,1.349,3872.4394
129,5,7,2,1,Jan,2717.15,2,1.482,4026.8163
129,5,7,2,1,Feb,2454.2,2,1.267,3109.4714
129,5,7,2,1,Mar,2717.15,2,1.053,2861.15895
129,5,7,2,1,Apr,11412,2,1.017,11606.004
129,5,7,2,1,May,11792.4,2,1.49,17570.676
129,5,7,2,1,June,11412,2,1.3,14835.6
129,5,7,2,1,July,11792.4,2,1.45,17098.98
129,5,7,2,1,Aug,11792.4,2,1.166,13749.9384
129,5,7,2,1,Sept,11412,2,1.231,14048.172
129,5,7,2,1,Oct,11792.4,2,1.498,17665.0152
129,5,7,2,1,Nov,2629.5,2,1.461,3841.6995
129,5,7,2,1,Dec,2717.15,2,1.003,2725.30145
130,5,6,2,1,Jan,2509.45,2,1.06,2660.017
130,5,6,2,1,Feb,2266.6,2,1.191,2699.5206
130,5,6,2,1,Mar,2509.45,2,1.029,2582.22405
130,5,6,2,1,Apr,11211,2,1.182,13251.402
130,5,6,2,1,May,11584.7,2,1.081,12523.0607
130,5,6,2,1,June,11211,2,1.035,11603.385
130,5,6,2,1,July,11584.7,2,1.126,13044.3722
130,5,6,2,1,Aug,11584.7,2,1.296,15013.7712
130,5,6,2,1,Sept,11211,2,1.084,12152.724
130,5,6,2,1,Oct,11584.7,2,1.398,16195.4106
130,5,6,2,1,Nov,2428.5,2,1.29,3132.765
130,5,6,2,1,Dec,2509.45,2,1.063,2667.54535
131,5,8,2,1,Jan,2924.85,2,1.117,3267.05745
131,5,8,2,1,Feb,2641.8,2,1.398,3693.2364
131,5,8,2,1,Mar,2924.85,2,1.35,3948.5475
131,5,8,2,1,Apr,11613,2,1.184,13749.792
131,5,8,2,1,May,12000.1,2,1.324,15888.1324
131,5,8,2,1,June,11613,2,1.267,14713.671
131,5,8,2,1,July,12000.1,2,1.435,17220.1435
131,5,8,2,1,Aug,12000.1,2,1.113,13356.1113
131,5,8,2,1,Sept,11613,2,1.302,15120.126
131,5,8,2,1,Oct,12000.1,2,1.043,12516.1043
131,5,8,2,1,Nov,2830.5,2,1.078,3051.279
131,5,8,2,1,Dec,2924.85,2,1.449,4238.10765
138,6,7,2,1,Jan,2771.4,2,1.229,3406.0506
138,6,7,2,1,Feb,2503.2,2,1.374,3439.3968
138,6,7,2,1,Mar,2771.4,2,1.15,3187.11
138,6,7,2,1,Apr,11589,2,1.164,13489.596
138,6,7,2,1,May,11975.3,2,1.254,15017.0262
138,6,7,2,1,June,11589,2,1.203,13941.567
138,6,7,2,1,July,11975.3,2,1.145,13711.7185
138,6,7,2,1,Aug,11975.3,2,1.367,16370.2351
138,6,7,2,1,Sept,11589,2,1.177,13640.253
138,6,7,2,1,Oct,11975.3,2,1.331,15939.1243
138,6,7,2,1,Nov,2682,2,1.186,3180.852
138,6,7,2,1,Dec,2771.4,2,1.116,3092.8824
139,6,6,2,1,Jan,2563.7,2,1.471,3771.2027
139,6,6,2,1,Feb,2315.6,2,1.188,2750.9328
139,6,6,2,1,Mar,2563.7,2,1.054,2702.1398
139,6,6,2,1,Apr,11388,2,1.058,12048.504
139,6,6,2,1,May,11767.6,2,1.475,17357.21
139,6,6,2,1,June,11388,2,1.472,16763.136
139,6,6,2,1,July,11767.6,2,1.016,11955.8816
139,6,6,2,1,Aug,11767.6,2,1.134,13344.4584
139,6,6,2,1,Sept,11388,2,1.474,16785.912
139,6,6,2,1,Oct,11767.6,2,1.381,16251.0556
139,6,6,2,1,Nov,2481,2,1.495,3709.095
139,6,6,2,1,Dec,2563.7,2,1.163,2981.5831
140,6,8,2,1,Jan,2979.1,2,1.056,3145.9296
140,6,8,2,1,Feb,2690.8,2,1.486,3998.5288
140,6,8,2,1,Mar,2979.1,2,1.067,3178.6997
140,6,8,2,1,Apr,11790,2,1.087,12815.73
140,6,8,2,1,May,12183,2,1.156,14083.548
140,6,8,2,1,June,11790,2,1.063,12532.77
140,6,8,2,1,July,12183,2,1.119,13632.777
140,6,8,2,1,Aug,12183,2,1.428,17397.324
140,6,8,2,1,Sept,11790,2,1.091,12862.89
140,6,8,2,1,Oct,12183,2,1.218,14838.894
140,6,8,2,1,Nov,2883,2,1.312,3782.496
140,6,8,2,1,Dec,2979.1,2,1.472,4385.2352
141,8,15,3,1,Jan,5037.5,2,1.197,6029.8875
141,8,15,3,1,Feb,4550,2,1.16,5278
141,8,15,3,1,Mar,5037.5,2,1.343,6765.3625
141,8,15,3,1,Apr,18111,2,1.332,24123.852
141,8,15,3,1,May,18714.7,2,1.233,23075.2251
141,8,15,3,1,June,18111,2,1.384,25065.624
141,8,15,3,1,July,18714.7,2,1.463,27379.6061
141,8,15,3,1,Aug,18714.7,2,1.385,25919.8595
141,8,15,3,1,Sept,18111,2,1.159,20990.649
141,8,15,3,1,Oct,18714.7,2,1.436,26874.3092
141,8,15,3,1,Nov,4875,2,1.196,5830.5
141,8,15,3,1,Dec,5037.5,2,1.174,5914.025
142,8,16,3,1,Jan,5245.2,2,1.146,6010.9992
142,8,16,3,1,Feb,4737.6,2,1.277,6049.9152
142,8,16,3,1,Mar,5245.2,2,1.347,7065.2844
142,8,16,3,1,Apr,18312,2,1.083,19831.896
142,8,16,3,1,May,18922.4,2,1.235,23369.164
142,8,16,3,1,June,18312,2,1.062,19447.344
142,8,16,3,1,July,18922.4,2,1.039,19660.3736
142,8,16,3,1,Aug,18922.4,2,1.081,20455.1144
142,8,16,3,1,Sept,18312,2,1.48,27101.76
142,8,16,3,1,Oct,18922.4,2,1.387,26245.3688
142,8,16,3,1,Nov,5076,2,1.263,6410.988
142,8,16,3,1,Dec,5245.2,2,1.491,7820.5932
143,8,14,3,1,Jan,4829.8,2,1.147,5539.7806
143,8,14,3,1,Feb,4362.4,2,1.302,5679.8448
143,8,14,3,1,Mar,4829.8,2,1.306,6307.7188
143,8,14,3,1,Apr,17910,2,1.115,19969.65
143,8,14,3,1,May,18507,2,1.081,20006.067
143,8,14,3,1,June,17910,2,1.492,26721.72
143,8,14,3,1,July,18507,2,1.281,23707.467
143,8,14,3,1,Aug,18507,2,1.101,20376.207
143,8,14,3,1,Sept,17910,2,1.276,22853.16
143,8,14,3,1,Oct,18507,2,1.189,22004.823
143,8,14,3,1,Nov,4674,2,1.008,4711.392
143,8,14,3,1,Dec,4829.8,2,1.244,6008.2712
144,8,15,2,1,Jan,4541.5,2,1.358,6167.357
144,8,15,2,1,Feb,4102,2,1.414,5800.228
144,8,15,2,1,Mar,4541.5,2,1.056,4795.824
144,8,15,2,1,Apr,13551,2,1.358,18402.258
144,8,15,2,1,May,14002.7,2,1.274,17839.4398
144,8,15,2,1,June,13551,2,1.176,15935.976
144,8,15,2,1,July,14002.7,2,1.397,19561.7719
144,8,15,2,1,Aug,14002.7,2,1.072,15010.8944
144,8,15,2,1,Sept,13551,2,1.341,18171.891
144,8,15,2,1,Oct,14002.7,2,1.227,17181.3129
144,8,15,2,1,Nov,4395,2,1.349,5928.855
144,8,15,2,1,Dec,4541.5,2,1.249,5672.3335
145,8,16,2,1,Jan,4749.2,2,1.489,7071.5588
145,8,16,2,1,Feb,4289.6,2,1.391,5966.8336
145,8,16,2,1,Mar,4749.2,2,1.302,6183.4584
145,8,16,2,1,Apr,13752,2,1.366,18785.232
145,8,16,2,1,May,14210.4,2,1.105,15702.492
145,8,16,2,1,June,13752,2,1.367,18798.984
145,8,16,2,1,July,14210.4,2,1.077,15304.6008
145,8,16,2,1,Aug,14210.4,2,1.425,20249.82
145,8,16,2,1,Sept,13752,2,1.202,16529.904
145,8,16,2,1,Oct,14210.4,2,1.239,17606.6856
145,8,16,2,1,Nov,4596,2,1.258,5781.768
145,8,16,2,1,Dec,4749.2,2,1.018,4834.6856
146,8,14,2,1,Jan,4333.8,2,1.342,5815.9596
146,8,14,2,1,Feb,3914.4,2,1.192,4665.9648
146,8,14,2,1,Mar,4333.8,2,1.344,5824.6272
146,8,14,2,1,Apr,13350,2,1.325,17688.75
146,8,14,2,1,May,13795,2,1.267,17478.265
146,8,14,2,1,June,13350,2,1.211,16166.85
146,8,14,2,1,July,13795,2,1.207,16650.565
146,8,14,2,1,Aug,13795,2,1.231,16981.645
146,8,14,2,1,Sept,13350,2,1.001,13363.35
146,8,14,2,1,Oct,13795,2,1.169,16126.355
146,8,14,2,1,Nov,4194,2,1.023,4290.462
146,8,14,2,1,Dec,4333.8,2,1.39,6023.982
150,9,15,3,1,Jan,5091.75,2,1.417,7215.00975
150,9,15,3,1,Feb,4599,2,1.063,4888.737
150,9,15,3,1,Mar,5091.75,2,1.46,7433.955
150,9,15,3,1,Apr,18288,2,1.279,23390.352
150,9,15,3,1,May,18897.6,2,1.334,25209.3984
150,9,15,3,1,June,18288,2,1.482,27102.816
150,9,15,3,1,July,18897.6,2,1.274,24075.5424
150,9,15,3,1,Aug,18897.6,2,1.416,26759.0016
150,9,15,3,1,Sept,18288,2,1.416,25895.808
150,9,15,3,1,Oct,18897.6,2,1.269,23981.0544
150,9,15,3,1,Nov,4927.5,2,1.3,6405.75
150,9,15,3,1,Dec,5091.75,2,1.161,5911.52175
151,9,16,3,1,Jan,5299.45,2,1.007,5336.54615
151,9,16,3,1,Feb,4786.6,2,1.386,6634.2276
151,9,16,3,1,Mar,5299.45,2,1.2,6359.34
151,9,16,3,1,Apr,18489,2,1.097,20282.433
151,9,16,3,1,May,19105.3,2,1.418,27091.3154
151,9,16,3,1,June,18489,2,1.243,22981.827
151,9,16,3,1,July,19105.3,2,1.496,28581.5288
151,9,16,3,1,Aug,19105.3,2,1.229,23480.4137
151,9,16,3,1,Sept,18489,2,1.063,19653.807
151,9,16,3,1,Oct,19105.3,2,1.357,25925.8921
151,9,16,3,1,Nov,5128.5,2,1.058,5425.953
151,9,16,3,1,Dec,5299.45,2,1.039,5506.12855
152,9,14,3,1,Jan,4884.05,2,1.41,6886.5105
152,9,14,3,1,Feb,4411.4,2,1.038,4579.0332
152,9,14,3,1,Mar,4884.05,2,1.408,6876.7424
152,9,14,3,1,Apr,18087,2,1.138,20583.006
152,9,14,3,1,May,18689.9,2,1.055,19717.8445
152,9,14,3,1,June,18087,2,1.082,19570.134
152,9,14,3,1,July,18689.9,2,1.287,24053.9013
152,9,14,3,1,Aug,18689.9,2,1.159,21661.5941
152,9,14,3,1,Sept,18087,2,1.466,26515.542
152,9,14,3,1,Oct,18689.9,2,1.341,25063.1559
152,9,14,3,1,Nov,4726.5,2,1.474,6966.861
152,9,14,3,1,Dec,4884.05,2,1.289,6295.54045
153,9,15,2,1,Jan,4595.75,2,1.033,4747.40975
153,9,15,2,1,Feb,4151,2,1.287,5342.337
153,9,15,2,1,Mar,4595.75,2,1.083,4977.19725
153,9,15,2,1,Apr,13728,2,1.324,18175.872
153,9,15,2,1,May,14185.6,2,1.453,20611.6768
153,9,15,2,1,June,13728,2,1.477,20276.256
153,9,15,2,1,July,14185.6,2,1.271,18029.8976
153,9,15,2,1,Aug,14185.6,2,1.26,17873.856
153,9,15,2,1,Sept,13728,2,1.234,16940.352
153,9,15,2,1,Oct,14185.6,2,1.021,14483.4976
153,9,15,2,1,Nov,4447.5,2,1.161,5163.5475
153,9,15,2,1,Dec,4595.75,2,1.339,6153.70925
154,9,16,2,1,Jan,4803.45,2,1.119,5375.06055
154,9,16,2,1,Feb,4338.6,2,1.299,5635.8414
154,9,16,2,1,Mar,4803.45,2,1.171,5624.83995
154,9,16,2,1,Apr,13929,2,1.032,14374.728
154,9,16,2,1,May,14393.3,2,1.18,16984.094
154,9,16,2,1,June,13929,2,1.32,18386.28
154,9,16,2,1,July,14393.3,2,1.451,20884.6783
154,9,16,2,1,Aug,14393.3,2,1.192,17156.8136
154,9,16,2,1,Sept,13929,2,1.496,20837.784
154,9,16,2,1,Oct,14393.3,2,1.131,16278.8223
154,9,16,2,1,Nov,4648.5,2,1.172,5448.042
154,9,16,2,1,Dec,4803.45,2,1.123,5394.27435
155,9,14,2,1,Jan,4388.05,2,1.4,6143.27
155,9,14,2,1,Feb,3963.4,2,1.261,4997.8474
155,9,14,2,1,Mar,4388.05,2,1.104,4844.4072
155,9,14,2,1,Apr,13527,2,1.482,20047.014
155,9,14,2,1,May,13977.9,2,1.159,16200.3861
155,9,14,2,1,June,13527,2,1.089,14730.903
155,9,14,2,1,July,13977.9,2,1.084,15152.0436
155,9,14,2,1,Aug,13977.9,2,1.305,18241.1595
155,9,14,2,1,Sept,13527,2,1.13,15285.51
155,9,14,2,1,Oct,13977.9,2,1.026,14341.3254
155,9,14,2,1,Nov,4246.5,2,1.327,5635.1055
155,9,14,2,1,Dec,4388.05,2,1.041,4567.96005
159,7,15,3,1,Jan,4983.25,2,1.438,7165.9135
159,7,15,3,1,Feb,4501,2,1.258,5662.258
159,7,15,3,1,Mar,4983.25,2,1.389,6921.73425
159,7,15,3,1,Apr,17934,2,1.195,21431.13
159,7,15,3,1,May,18531.8,2,1.351,25036.4618
159,7,15,3,1,June,17934,2,1.151,20642.034
159,7,15,3,1,July,18531.8,2,1.062,19680.7716
159,7,15,3,1,Aug,18531.8,2,1.232,22831.1776
159,7,15,3,1,Sept,17934,2,1.469,26345.046
159,7,15,3,1,Oct,18531.8,2,1.12,20755.616
159,7,15,3,1,Nov,4822.5,2,1.332,6423.57
159,7,15,3,1,Dec,4983.25,2,1.081,5386.89325
160,7,16,3,1,Jan,5190.95,2,1.355,7033.73725
160,7,16,3,1,Feb,4688.6,2,1.487,6971.9482
160,7,16,3,1,Mar,5190.95,2,1.002,5201.3319
160,7,16,3,1,Apr,18135,2,1.391,25225.785
160,7,16,3,1,May,18739.5,2,1.364,25560.678
160,7,16,3,1,June,18135,2,1.11,20129.85
160,7,16,3,1,July,18739.5,2,1.373,25729.3335
160,7,16,3,1,Aug,18739.5,2,1.077,20182.4415
160,7,16,3,1,Sept,18135,2,1.478,26803.53
160,7,16,3,1,Oct,18739.5,2,1.467,27490.8465
160,7,16,3,1,Nov,5023.5,2,1.297,6515.4795
160,7,16,3,1,Dec,5190.95,2,1.251,6493.87845
161,7,14,3,1,Jan,4775.55,2,1.197,5716.33335
161,7,14,3,1,Feb,4313.4,2,1.068,4606.7112
161,7,14,3,1,Mar,4775.55,2,1.031,4923.59205
161,7,14,3,1,Apr,17733,2,1.139,20197.887
161,7,14,3,1,May,18324.1,2,1.18,21622.438
161,7,14,3,1,June,17733,2,1.111,19701.363
161,7,14,3,1,July,18324.1,2,1.453,26624.9173
161,7,14,3,1,Aug,18324.1,2,1.453,26624.9173
161,7,14,3,1,Sept,17733,2,1.422,25216.326
161,7,14,3,1,Oct,18324.1,2,1.323,24242.7843
161,7,14,3,1,Nov,4621.5,2,1.381,6382.2915
161,7,14,3,1,Dec,4775.55,2,1.433,6843.36315
162,7,15,2,1,Jan,4487.25,2,1.205,5407.13625
162,7,15,2,1,Feb,4053,2,1.022,4142.166
162,7,15,2,1,Mar,4487.25,2,1.054,4729.5615
162,7,15,2,1,Apr,13374,2,1.213,16222.662
162,7,15,2,1,May,13819.8,2,1.324,18297.4152
162,7,15,2,1,June,13374,2,1.368,18295.632
162,7,15,2,1,July,13819.8,2,1.152,15920.4096
162,7,15,2,1,Aug,13819.8,2,1.327,18338.8746
162,7,15,2,1,Sept,13374,2,1.154,15433.596
162,7,15,2,1,Oct,13819.8,2,1.247,17233.2906
162,7,15,2,1,Nov,4342.5,2,1.244,5402.07
162,7,15,2,1,Dec,4487.25,2,1.021,4581.48225
163,7,16,2,1,Jan,4694.95,2,1.097,5150.36015
163,7,16,2,1,Feb,4240.6,2,1.11,4707.066
163,7,16,2,1,Mar,4694.95,2,1.003,4709.03485
163,7,16,2,1,Apr,13575,2,1.092,14823.9
163,7,16,2,1,May,14027.5,2,1.145,16061.4875
163,7,16,2,1,June,13575,2,1.439,19534.425
163,7,16,2,1,July,14027.5,2,1.185,16622.5875
163,7,16,2,1,Aug,14027.5,2,1.237,17352.0175
163,7,16,2,1,Sept,13575,2,1.392,18896.4
163,7,16,2,1,Oct,14027.5,2,1.303,18277.8325
163,7,16,2,1,Nov,4543.5,2,1.001,4548.0435
163,7,16,2,1,Dec,4694.95,2,1.36,6385.132
164,7,14,2,1,Jan,4279.55,2,1.247,5336.59885
164,7,14,2,1,Feb,3865.4,2,1.245,4812.423
164,7,14,2,1,Mar,4279.55,2,1.319,5644.72645
164,7,14,2,1,Apr,13173,2,1.446,19048.158
164,7,14,2,1,May,13612.1,2,1.31,17831.851
164,7,14,2,1,June,13173,2,1.407,18534.411
164,7,14,2,1,July,13612.1,2,1.406,19138.6126
164,7,14,2,1,Aug,13612.1,2,1.488,20254.8048
164,7,14,2,1,Sept,13173,2,1.445,19034.985
164,7,14,2,1,Oct,13612.1,2,1.49,20282.029
164,7,14,2,1,Nov,4141.5,2,1.388,5748.402
164,7,14,2,1,Dec,4279.55,2,1.019,4360.86145
168,10,18,3,1,Jan,5769.1,2,1.495,8624.8045
168,10,18,3,1,Feb,5210.8,2,1.233,6424.9164
168,10,18,3,1,Mar,5769.1,2,1.287,7424.8317
168,10,18,3,1,Apr,19068,2,1.07,20402.76
168,10,18,3,1,May,19703.6,2,1.371,27013.6356
168,10,18,3,1,June,19068,2,1.196,22805.328
168,10,18,3,1,July,19703.6,2,1.358,26757.4888
168,10,18,3,1,Aug,19703.6,2,1.47,28964.292
168,10,18,3,1,Sept,19068,2,1.028,19601.904
168,10,18,3,1,Oct,19703.6,2,1.114,21949.8104
168,10,18,3,1,Nov,5583,2,1.344,7503.552
168,10,18,3,1,Dec,5769.1,2,1.142,6588.3122
169,10,17,3,1,Jan,5561.4,2,1.401,7791.5214
169,10,17,3,1,Feb,5023.2,2,1.474,7404.1968
169,10,17,3,1,Mar,5561.4,2,1.02,5672.628
169,10,17,3,1,Apr,18867,2,1.033,19489.611
169,10,17,3,1,May,19495.9,2,1.141,22244.8219
169,10,17,3,1,June,18867,2,1.385,26130.795
169,10,17,3,1,July,19495.9,2,1.193,23258.6087
169,10,17,3,1,Aug,19495.9,2,1.424,27762.1616
169,10,17,3,1,Sept,18867,2,1.019,19225.473
169,10,17,3,1,Oct,19495.9,2,1.159,22595.7481
169,10,17,3,1,Nov,5382,2,1.159,6237.738
169,10,17,3,1,Dec,5561.4,2,1.101,6123.1014
170,10,16,3,1,Jan,5353.7,2,1.456,7794.9872
170,10,16,3,1,Feb,4835.6,2,1.052,5087.0512
170,10,16,3,1,Mar,5353.7,2,1.134,6071.0958
170,10,16,3,1,Apr,18666,2,1.212,22623.192
170,10,16,3,1,May,19288.2,2,1.081,20850.5442
170,10,16,3,1,June,18666,2,1.342,25049.772
170,10,16,3,1,July,19288.2,2,1.255,24206.691
170,10,16,3,1,Aug,19288.2,2,1.456,28083.6192
170,10,16,3,1,Sept,18666,2,1.113,20775.258
170,10,16,3,1,Oct,19288.2,2,1.455,28064.331
170,10,16,3,1,Nov,5181,2,1.005,5206.905
170,10,16,3,1,Dec,5353.7,2,1.238,6627.8806
171,10,15,3,1,Jan,5146,2,1.139,5861.294
171,10,15,3,1,Feb,4648,2,1.323,6149.304
171,10,15,3,1,Mar,5146,2,1.304,6710.384
171,10,15,3,1,Apr,18465,2,1.032,19055.88
171,10,15,3,1,May,19080.5,2,1.46,27857.53
171,10,15,3,1,June,18465,2,1.125,20773.125
171,10,15,3,1,July,19080.5,2,1.443,27533.1615
171,10,15,3,1,Aug,19080.5,2,1.088,20759.584
171,10,15,3,1,Sept,18465,2,1.087,20071.455
171,10,15,3,1,Oct,19080.5,2,1.424,27170.632
171,10,15,3,1,Nov,4980,2,1.071,5333.58
171,10,15,3,1,Dec,5146,2,1.159,5964.214
172,10,19,3,1,Jan,5976.8,2,1.229,7345.4872
172,10,19,3,1,Feb,5398.4,2,1.087,5868.0608
172,10,19,3,1,Mar,5976.8,2,1.018,6084.3824
172,10,19,3,1,Apr,19269,2,1.168,22506.192
172,10,19,3,1,May,19911.3,2,1.174,23375.8662
172,10,19,3,1,June,19269,2,1.149,22140.081
172,10,19,3,1,July,19911.3,2,1.451,28891.2963
172,10,19,3,1,Aug,19911.3,2,1.23,24490.899
172,10,19,3,1,Sept,19269,2,1.389,26764.641
172,10,19,3,1,Oct,19911.3,2,1.059,21086.0667
172,10,19,3,1,Nov,5784,2,1.089,6298.776
172,10,19,3,1,Dec,5976.8,2,1.092,6526.6656
173,10,18,4,1,Jan,6265.1,2,1.385,8677.1635
173,10,18,4,1,Feb,5658.8,2,1.43,8092.084
173,10,18,4,1,Mar,6265.1,2,1.051,6584.6201
173,10,18,4,1,Apr,23628,2,1.416,33457.248
173,10,18,4,1,May,24415.6,2,1.452,35451.4512
173,10,18,4,1,June,23628,2,1.087,25683.636
173,10,18,4,1,July,24415.6,2,1.317,32155.3452
173,10,18,4,1,Aug,24415.6,2,1.429,34889.8924
173,10,18,4,1,Sept,23628,2,1.276,30149.328
173,10,18,4,1,Oct,24415.6,2,1.322,32277.4232
173,10,18,4,1,Nov,6063,2,1.273,7718.199
173,10,18,4,1,Dec,6265.1,2,1.213,7599.5663
174,10,17,4,1,Jan,6057.4,2,1.145,6935.723
174,10,17,4,1,Feb,5471.2,2,1.306,7145.3872
174,10,17,4,1,Mar,6057.4,2,1.4,8480.36
174,10,17,4,1,Apr,23427,2,1.402,32844.654
174,10,17,4,1,May,24207.9,2,1.004,24304.7316
174,10,17,4,1,June,23427,2,1.16,27175.32
174,10,17,4,1,July,24207.9,2,1.262,30550.3698
174,10,17,4,1,Aug,24207.9,2,1.231,29799.9249
174,10,17,4,1,Sept,23427,2,1.007,23590.989
174,10,17,4,1,Oct,24207.9,2,1.134,27451.7586
174,10,17,4,1,Nov,5862,2,1.247,7309.914
174,10,17,4,1,Dec,6057.4,2,1.265,7662.611
175,10,16,4,1,Jan,5849.7,2,1.394,8154.4818
175,10,16,4,1,Feb,5283.6,2,1.271,6715.4556
175,10,16,4,1,Mar,5849.7,2,1.248,7300.4256
175,10,16,4,1,Apr,23226,2,1.233,28637.658
175,10,16,4,1,May,24000.2,2,1.058,25392.2116
175,10,16,4,1,June,23226,2,1.327,30820.902
175,10,16,4,1,July,24000.2,2,1.395,33480.279
175,10,16,4,1,Aug,24000.2,2,1.175,28200.235
175,10,16,4,1,Sept,23226,2,1.038,24108.588
175,10,16,4,1,Oct,24000.2,2,1.013,24312.2026
175,10,16,4,1,Nov,5661,2,1.405,7953.705
175,10,16,4,1,Dec,5849.7,2,1.093,6393.7221
176,10,15,4,1,Jan,5642,2,1.338,7548.996
176,10,15,4,1,Feb,5096,2,1.458,7429.968
176,10,15,4,1,Mar,5642,2,1.123,6335.966
176,10,15,4,1,Apr,23025,2,1.042,23992.05
176,10,15,4,1,May,23792.5,2,1.006,23935.255
176,10,15,4,1,June,23025,2,1.483,34146.075
176,10,15,4,1,July,23792.5,2,1.492,35498.41
176,10,15,4,1,Aug,23792.5,2,1.426,33928.105
176,10,15,4,1,Sept,23025,2,1.235,28435.875
176,10,15,4,1,Oct,23792.5,2,1.49,35450.825
176,10,15,4,1,Nov,5460,2,1.337,7300.02
176,10,15,4,1,Dec,5642,2,1.432,8079.344
177,10,19,4,1,Jan,6472.8,2,1.425,9223.74
177,10,19,4,1,Feb,5846.4,2,1.413,8260.9632
177,10,19,4,1,Mar,6472.8,2,1.156,7482.5568
177,10,19,4,1,Apr,23829,2,1.314,31311.306
177,10,19,4,1,May,24623.3,2,1.144,28169.0552
177,10,19,4,1,June,23829,2,1.262,30072.198
177,10,19,4,1,July,24623.3,2,1.427,35137.4491
177,10,19,4,1,Aug,24623.3,2,1.237,30459.0221
177,10,19,4,1,Sept,23829,2,1.254,29881.566
177,10,19,4,1,Oct,24623.3,2,1.354,33339.9482
177,10,19,4,1,Nov,6264,2,1.413,8851.032
177,10,19,4,1,Dec,6472.8,2,1.14,7378.992
178,10,18,2,1,Jan,5273.1,2,1.111,5858.4141
178,10,18,2,1,Feb,4762.8,2,1.315,6263.082
178,10,18,2,1,Mar,5273.1,2,1.401,7387.6131
178,10,18,2,1,Apr,14508,2,1.457,21138.156
178,10,18,2,1,May,14991.6,2,1.251,18754.4916
178,10,18,2,1,June,14508,2,1.403,20354.724
178,10,18,2,1,July,14991.6,2,1.437,21542.9292
178,10,18,2,1,Aug,14991.6,2,1.179,17675.0964
178,10,18,2,1,Sept,14508,2,1.268,18396.144
178,10,18,2,1,Oct,14991.6,2,1.108,16610.6928
178,10,18,2,1,Nov,5103,2,1.265,6455.295
178,10,18,2,1,Dec,5273.1,2,1.051,5542.0281
179,10,17,2,1,Jan,5065.4,2,1.23,6230.442
179,10,17,2,1,Feb,4575.2,2,1.337,6117.0424
179,10,17,2,1,Mar,5065.4,2,1.415,7167.541
179,10,17,2,1,Apr,14307,2,1.228,17568.996
179,10,17,2,1,May,14783.9,2,1.467,21687.9813
179,10,17,2,1,June,14307,2,1.323,18928.161
179,10,17,2,1,July,14783.9,2,1.211,17903.3029
179,10,17,2,1,Aug,14783.9,2,1.444,21347.9516
179,10,17,2,1,Sept,14307,2,1.33,19028.31
179,10,17,2,1,Oct,14783.9,2,1.154,17060.6206
179,10,17,2,1,Nov,4902,2,1.365,6691.23
179,10,17,2,1,Dec,5065.4,2,1.175,5951.845
180,10,16,2,1,Jan,4857.7,2,1.158,5625.2166
180,10,16,2,1,Feb,4387.6,2,1.041,4567.4916
180,10,16,2,1,Mar,4857.7,2,1.303,6329.5831
180,10,16,2,1,Apr,14106,2,1.413,19931.778
180,10,16,2,1,May,14576.2,2,1.161,16922.9682
180,10,16,2,1,June,14106,2,1.127,15897.462
180,10,16,2,1,July,14576.2,2,1.406,20494.1372
180,10,16,2,1,Aug,14576.2,2,1.024,14926.0288
180,10,16,2,1,Sept,14106,2,1.165,16433.49
180,10,16,2,1,Oct,14576.2,2,1.245,18147.369
180,10,16,2,1,Nov,4701,2,1.002,4710.402
180,10,16,2,1,Dec,4857.7,2,1.167,5668.9359
181,10,15,2,1,Jan,4650,2,1.303,6058.95
181,10,15,2,1,Feb,4200,2,1.139,4783.8
181,10,15,2,1,Mar,4650,2,1.137,5287.05
181,10,15,2,1,Apr,13905,2,1.039,14447.295
181,10,15,2,1,May,14368.5,2,1.177,16911.7245
181,10,15,2,1,June,13905,2,1.187,16505.235
181,10,15,2,1,July,14368.5,2,1.456,20920.536
181,10,15,2,1,Aug,14368.5,2,1.119,16078.3515
181,10,15,2,1,Sept,13905,2,1.247,17339.535
181,10,15,2,1,Oct,14368.5,2,1.136,16322.616
181,10,15,2,1,Nov,4500,2,1.368,6156
181,10,15,2,1,Dec,4650,2,1.274,5924.1
182,10,19,2,1,Jan,5480.8,2,1.336,7322.3488
182,10,19,2,1,Feb,4950.4,2,1.321,6539.4784
182,10,19,2,1,Mar,5480.8,2,1.145,6275.516
182,10,19,2,1,Apr,14709,2,1.401,20607.309
182,10,19,2,1,May,15199.3,2,1.028,15624.8804
182,10,19,2,1,June,14709,2,1.226,18033.234
182,10,19,2,1,July,15199.3,2,1.095,16643.2335
182,10,19,2,1,Aug,15199.3,2,1.384,21035.8312
182,10,19,2,1,Sept,14709,2,1.496,22004.664
182,10,19,2,1,Oct,15199.3,2,1.082,16445.6426
182,10,19,2,1,Nov,5304,2,1.068,5664.672
182,10,19,2,1,Dec,5480.8,2,1.357,7437.4456
183,9,18,3,1,Jan,5714.85,2,1.392,7955.0712
183,9,18,3,1,Feb,5161.8,2,1.012,5223.7416
183,9,18,3,1,Mar,5714.85,2,1.231,7034.98035
183,9,18,3,1,Apr,18891,2,1.263,23859.333
183,9,18,3,1,May,19520.7,2,1.292,25220.7444
183,9,18,3,1,June,18891,2,1.469,27750.879
183,9,18,3,1,July,19520.7,2,1.294,25259.7858
183,9,18,3,1,Aug,19520.7,2,1.354,26431.0278
183,9,18,3,1,Sept,18891,2,1.475,27864.225
183,9,18,3,1,Oct,19520.7,2,1.432,27953.6424
183,9,18,3,1,Nov,5530.5,2,1.22,6747.21
183,9,18,3,1,Dec,5714.85,2,1.136,6492.0696
184,9,17,3,1,Jan,5507.15,2,1.328,7313.4952
184,9,17,3,1,Feb,4974.2,2,1.475,7336.945
184,9,17,3,1,Mar,5507.15,2,1.336,7357.5524
184,9,17,3,1,Apr,18690,2,1.356,25343.64
184,9,17,3,1,May,19313,2,1.098,21205.674
184,9,17,3,1,June,18690,2,1.448,27063.12
184,9,17,3,1,July,19313,2,1.302,25145.526
184,9,17,3,1,Aug,19313,2,1.39,26845.07
184,9,17,3,1,Sept,18690,2,1.393,26035.17
184,9,17,3,1,Oct,19313,2,1.045,20182.085
184,9,17,3,1,Nov,5329.5,2,1.401,7466.6295
184,9,17,3,1,Dec,5507.15,2,1.365,7517.25975
185,9,16,3,1,Jan,5299.45,2,1.414,7493.4223
185,9,16,3,1,Feb,4786.6,2,1.1,5265.26
185,9,16,3,1,Mar,5299.45,2,1.311,6947.57895
185,9,16,3,1,Apr,18489,2,1.054,19487.406
185,9,16,3,1,May,19105.3,2,1.244,23766.9932
185,9,16,3,1,June,18489,2,1.37,25329.93
185,9,16,3,1,July,19105.3,2,1.231,23518.6243
185,9,16,3,1,Aug,19105.3,2,1.437,27454.3161
185,9,16,3,1,Sept,18489,2,1.247,23055.783
185,9,16,3,1,Oct,19105.3,2,1.031,19697.5643
185,9,16,3,1,Nov,5128.5,2,1.008,5169.528
185,9,16,3,1,Dec,5299.45,2,1.435,7604.71075
186,9,15,3,1,Jan,5091.75,2,1.13,5753.6775
186,9,15,3,1,Feb,4599,2,1.46,6714.54
186,9,15,3,1,Mar,5091.75,2,1.349,6868.77075
186,9,15,3,1,Apr,18288,2,1.104,20189.952
186,9,15,3,1,May,18897.6,2,1.117,21108.6192
186,9,15,3,1,June,18288,2,1.234,22567.392
186,9,15,3,1,July,18897.6,2,1.098,20749.5648
186,9,15,3,1,Aug,18897.6,2,1.071,20239.3296
186,9,15,3,1,Sept,18288,2,1.335,24414.48
186,9,15,3,1,Oct,18897.6,2,1.031,19483.4256
186,9,15,3,1,Nov,4927.5,2,1.156,5696.19
186,9,15,3,1,Dec,5091.75,2,1.184,6028.632
187,9,19,3,1,Jan,5922.55,2,1.041,6165.37455
187,9,19,3,1,Feb,5349.4,2,1.384,7403.5696
187,9,19,3,1,Mar,5922.55,2,1.183,7006.37665
187,9,19,3,1,Apr,19092,2,1.28,24437.76
187,9,19,3,1,May,19728.4,2,1.171,23101.9564
187,9,19,3,1,June,19092,2,1.406,26843.352
187,9,19,3,1,July,19728.4,2,1.459,28783.7356
187,9,19,3,1,Aug,19728.4,2,1.035,20418.894
187,9,19,3,1,Sept,19092,2,1.343,25640.556
187,9,19,3,1,Oct,19728.4,2,1.257,24798.5988
187,9,19,3,1,Nov,5731.5,2,1.029,5897.7135
187,9,19,3,1,Dec,5922.55,2,1.197,7089.29235
188,9,18,4,1,Jan,6210.85,2,1.453,9024.36505
188,9,18,4,1,Feb,5609.8,2,1.229,6894.4442
188,9,18,4,1,Mar,6210.85,2,1.111,6900.25435
188,9,18,4,1,Apr,23451,2,1.007,23615.157
188,9,18,4,1,May,24232.7,2,1.338,32423.3526
188,9,18,4,1,June,23451,2,1.348,31611.948
188,9,18,4,1,July,24232.7,2,1.175,28473.4225
188,9,18,4,1,Aug,24232.7,2,1.325,32108.3275
188,9,18,4,1,Sept,23451,2,1.12,26265.12
188,9,18,4,1,Oct,24232.7,2,1.426,34555.8302
188,9,18,4,1,Nov,6010.5,2,1.112,6683.676
188,9,18,4,1,Dec,6210.85,2,1.388,8620.6598
189,9,17,4,1,Jan,6003.15,2,1.342,8056.2273
189,9,17,4,1,Feb,5422.2,2,1.432,7764.5904
189,9,17,4,1,Mar,6003.15,2,1.495,8974.70925
189,9,17,4,1,Apr,23250,2,1.259,29271.75
189,9,17,4,1,May,24025,2,1.301,31256.525
189,9,17,4,1,June,23250,2,1.462,33991.5
189,9,17,4,1,July,24025,2,1.086,26091.15
189,9,17,4,1,Aug,24025,2,1.339,32169.475
189,9,17,4,1,Sept,23250,2,1.143,26574.75
189,9,17,4,1,Oct,24025,2,1.451,34860.275
189,9,17,4,1,Nov,5809.5,2,1.499,8708.4405
189,9,17,4,1,Dec,6003.15,2,1.348,8092.2462
190,9,16,4,1,Jan,5795.45,2,1.236,7163.1762
190,9,16,4,1,Feb,5234.6,2,1.094,5726.6524
190,9,16,4,1,Mar,5795.45,2,1.238,7174.7671
190,9,16,4,1,Apr,23049,2,1.392,32084.208
190,9,16,4,1,May,23817.3,2,1.137,27080.2701
190,9,16,4,1,June,23049,2,1.196,27566.604
190,9,16,4,1,July,23817.3,2,1.233,29366.7309
190,9,16,4,1,Aug,23817.3,2,1.202,28628.3946
190,9,16,4,1,Sept,23049,2,1.097,25284.753
190,9,16,4,1,Oct,23817.3,2,1.402,33391.8546
190,9,16,4,1,Nov,5608.5,2,1.46,8188.41
190,9,16,4,1,Dec,5795.45,2,1.218,7058.8581
191,9,15,4,1,Jan,5587.75,2,1.495,8353.68625
191,9,15,4,1,Feb,5047,2,1.429,7212.163
191,9,15,4,1,Mar,5587.75,2,1.305,7292.01375
191,9,15,4,1,Apr,22848,2,1.068,24401.664
191,9,15,4,1,May,23609.6,2,1.369,32321.5424
191,9,15,4,1,June,22848,2,1.05,23990.4
191,9,15,4,1,July,23609.6,2,1.431,33785.3376
191,9,15,4,1,Aug,23609.6,2,1.02,24081.792
191,9,15,4,1,Sept,22848,2,1.334,30479.232
191,9,15,4,1,Oct,23609.6,2,1.168,27576.0128
191,9,15,4,1,Nov,5407.5,2,1.164,6294.33
191,9,15,4,1,Dec,5587.75,2,1.22,6817.055
192,9,19,4,1,Jan,6418.55,2,1.09,6996.2195
192,9,19,4,1,Feb,5797.4,2,1.324,7675.7576
192,9,19,4,1,Mar,6418.55,2,1.143,7336.40265
192,9,19,4,1,Apr,23652,2,1.498,35430.696
192,9,19,4,1,May,24440.4,2,1.005,24562.602
192,9,19,4,1,June,23652,2,1.023,24195.996
192,9,19,4,1,July,24440.4,2,1.396,34118.7984
192,9,19,4,1,Aug,24440.4,2,1.151,28130.9004
192,9,19,4,1,Sept,23652,2,1.357,32095.764
192,9,19,4,1,Oct,24440.4,2,1.131,27642.0924
192,9,19,4,1,Nov,6211.5,2,1.429,8876.2335
192,9,19,4,1,Dec,6418.55,2,1.485,9531.54675
193,9,18,2,1,Jan,5218.85,2,1.206,6293.9331
193,9,18,2,1,Feb,4713.8,2,1.061,5001.3418
193,9,18,2,1,Mar,5218.85,2,1.413,7374.23505
193,9,18,2,1,Apr,14331,2,1.451,20794.281
193,9,18,2,1,May,14808.7,2,1.152,17059.6224
193,9,18,2,1,June,14331,2,1.262,18085.722
193,9,18,2,1,July,14808.7,2,1.203,17814.8661
193,9,18,2,1,Aug,14808.7,2,1.456,21561.4672
193,9,18,2,1,Sept,14331,2,1.299,18615.969
193,9,18,2,1,Oct,14808.7,2,1.331,19710.3797
193,9,18,2,1,Nov,5050.5,2,1.058,5343.429
193,9,18,2,1,Dec,5218.85,2,1.414,7379.4539
194,9,17,2,1,Jan,5011.15,2,1.135,5687.65525
194,9,17,2,1,Feb,4526.2,2,1.36,6155.632
194,9,17,2,1,Mar,5011.15,2,1.209,6058.48035
194,9,17,2,1,Apr,14130,2,1.258,17775.54
194,9,17,2,1,May,14601,2,1.295,18908.295
194,9,17,2,1,June,14130,2,1.278,18058.14
194,9,17,2,1,July,14601,2,1.252,18280.452
194,9,17,2,1,Aug,14601,2,1.004,14659.404
194,9,17,2,1,Sept,14130,2,1.217,17196.21
194,9,17,2,1,Oct,14601,2,1.141,16659.741
194,9,17,2,1,Nov,4849.5,2,1.252,6071.574
194,9,17,2,1,Dec,5011.15,2,1.022,5121.3953
195,9,16,2,1,Jan,4803.45,2,1.105,5307.81225
195,9,16,2,1,Feb,4338.6,2,1.441,6251.9226
195,9,16,2,1,Mar,4803.45,2,1.441,6921.77145
195,9,16,2,1,Apr,13929,2,1.477,20573.133
195,9,16,2,1,May,14393.3,2,1.309,18840.8297
195,9,16,2,1,June,13929,2,1.045,14555.805
195,9,16,2,1,July,14393.3,2,1.462,21043.0046
195,9,16,2,1,Aug,14393.3,2,1.335,19215.0555
195,9,16,2,1,Sept,13929,2,1.304,18163.416
195,9,16,2,1,Oct,14393.3,2,1.401,20165.0133
195,9,16,2,1,Nov,4648.5,2,1.238,5754.843
195,9,16,2,1,Dec,4803.45,2,1.047,5029.21215
196,9,15,2,1,Jan,4595.75,2,1.303,5988.26225
196,9,15,2,1,Feb,4151,2,1.144,4748.744
196,9,15,2,1,Mar,4595.75,2,1.31,6020.4325
196,9,15,2,1,Apr,13728,2,1.402,19246.656
196,9,15,2,1,May,14185.6,2,1.244,17646.8864
196,9,15,2,1,June,13728,2,1.113,15279.264
196,9,15,2,1,July,14185.6,2,1.253,17774.5568
196,9,15,2,1,Aug,14185.6,2,1.114,15802.7584
196,9,15,2,1,Sept,13728,2,1.44,19768.32
196,9,15,2,1,Oct,14185.6,2,1.216,17249.6896
196,9,15,2,1,Nov,4447.5,2,1.175,5225.8125
196,9,15,2,1,Dec,4595.75,2,1.018,4678.4735
197,9,19,2,1,Jan,5426.55,2,1.003,5442.82965
197,9,19,2,1,Feb,4901.4,2,1.368,6705.1152
197,9,19,2,1,Mar,5426.55,2,1.271,6897.14505
197,9,19,2,1,Apr,14532,2,1.23,17874.36
197,9,19,2,1,May,15016.4,2,1.37,20572.468
197,9,19,2,1,June,14532,2,1.051,15273.132
197,9,19,2,1,July,15016.4,2,1.428,21443.4192
197,9,19,2,1,Aug,15016.4,2,1.331,19986.8284
197,9,19,2,1,Sept,14532,2,1.272,18484.704
197,9,19,2,1,Oct,15016.4,2,1.244,18680.4016
197,9,19,2,1,Nov,5251.5,2,1.005,5277.7575
197,9,19,2,1,Dec,5426.55,2,1.046,5676.1713
198,8,16,2,1,Jan,4749.2,2,1.296,6154.9632
198,8,16,2,1,Feb,4289.6,2,1.18,5061.728
198,8,16,2,1,Mar,4749.2,2,1.092,5186.1264
198,8,16,2,1,Apr,13752,2,1.461,20091.672
198,8,16,2,1,May,14210.4,2,1.41,20036.664
198,8,16,2,1,June,13752,2,1.05,14439.6
198,8,16,2,1,July,14210.4,2,1.341,19056.1464
198,8,16,2,1,Aug,14210.4,2,1.17,16626.168
198,8,16,2,1,Sept,13752,2,1.273,17506.296
198,8,16,2,1,Oct,14210.4,2,1.31,18615.624
198,8,16,2,1,Nov,4596,2,1.291,5933.436
198,8,16,2,1,Dec,4749.2,2,1.216,5775.0272
199,8,15,2,1,Jan,4541.5,2,1.017,4618.7055
199,8,15,2,1,Feb,4102,2,1.377,5648.454
199,8,15,2,1,Mar,4541.5,2,1.064,4832.156
199,8,15,2,1,Apr,13551,2,1.437,19472.787
199,8,15,2,1,May,14002.7,2,1.308,18315.5316
199,8,15,2,1,June,13551,2,1.425,19310.175
199,8,15,2,1,July,14002.7,2,1.288,18035.4776
199,8,15,2,1,Aug,14002.7,2,1.215,17013.2805
199,8,15,2,1,Sept,13551,2,1.007,13645.857
199,8,15,2,1,Oct,14002.7,2,1.002,14030.7054
199,8,15,2,1,Nov,4395,2,1.205,5295.975
199,8,15,2,1,Dec,4541.5,2,1.263,5735.9145
200,8,16,3,1,Jan,5245.2,2,1.048,5496.9696
200,8,16,3,1,Feb,4737.6,2,1.084,5135.5584
200,8,16,3,1,Mar,5245.2,2,1.08,5664.816
200,8,16,3,1,Apr,18312,2,1.406,25746.672
200,8,16,3,1,May,18922.4,2,1.278,24182.8272
200,8,16,3,1,June,18312,2,1.009,18476.808
200,8,16,3,1,July,18922.4,2,1.27,24031.448
200,8,16,3,1,Aug,18922.4,2,1.335,25261.404
200,8,16,3,1,Sept,18312,2,1.499,27449.688
200,8,16,3,1,Oct,18922.4,2,1.12,21193.088
200,8,16,3,1,Nov,5076,2,1.114,5654.664
200,8,16,3,1,Dec,5245.2,2,1.041,5460.2532
2,2,5,0,1,Jan,1147,3,1.028,1179.116
2,2,5,0,1,Feb,1036,3,1.114,1154.104
2,2,5,0,1,Mar,1147,3,1.344,1541.568
2,2,5,0,1,Apr,1359,3,1.142,1551.978
2,2,5,0,1,May,1404.3,3,1.401,1967.4243
2,2,5,0,1,June,1359,3,1.474,2003.166
2,2,5,0,1,July,1404.3,3,1.02,1432.386
2,2,5,0,1,Aug,1404.3,3,1.033,1450.6419
2,2,5,0,1,Sept,1359,3,1.141,1550.619
2,2,5,0,1,Oct,1404.3,3,1.385,1944.9555
2,2,5,0,1,Nov,1110,3,1.193,1324.23
2,2,5,0,1,Dec,1147,3,1.424,1633.328
7,5,9,0,1,Jan,2140.55,3,1.276,2731.3418
7,5,9,0,1,Feb,1933.4,3,1.322,2555.9548
7,5,9,0,1,Mar,2140.55,3,1.273,2724.92015
7,5,9,0,1,Apr,2694,3,1.213,3267.822
7,5,9,0,1,May,2783.8,3,1.145,3187.451
7,5,9,0,1,June,2694,3,1.306,3518.364
7,5,9,0,1,July,2783.8,3,1.4,3897.32
7,5,9,0,1,Aug,2783.8,3,1.402,3902.8876
7,5,9,0,1,Sept,2694,3,1.004,2704.776
7,5,9,0,1,Oct,2783.8,3,1.16,3229.208
7,5,9,0,1,Nov,2071.5,3,1.262,2614.233
7,5,9,0,1,Dec,2140.55,3,1.231,2635.01705
100,2,5,0,1,Jan,1147,3,1.292,1481.924
100,2,5,0,1,Feb,1036,3,1.469,1521.884
100,2,5,0,1,Mar,1147,3,1.294,1484.218
100,2,5,0,1,Apr,1359,3,1.354,1840.086
100,2,5,0,1,May,1404.3,3,1.475,2071.3425
100,2,5,0,1,June,1359,3,1.432,1946.088
100,2,5,0,1,July,1404.3,3,1.22,1713.246
100,2,5,0,1,Aug,1404.3,3,1.136,1595.2848
100,2,5,0,1,Sept,1359,3,1.328,1804.752
100,2,5,0,1,Oct,1404.3,3,1.475,2071.3425
100,2,5,0,1,Nov,1110,3,1.336,1482.96
100,2,5,0,1,Dec,1147,3,1.356,1555.332
101,3,7,0,1,Jan,1616.65,3,1.098,1775.0817
101,3,7,0,1,Feb,1460.2,3,1.448,2114.3696
101,3,7,0,1,Mar,1616.65,3,1.302,2104.8783
101,3,7,0,1,Apr,1938,3,1.39,2693.82
101,3,7,0,1,May,2002.6,3,1.393,2789.6218
101,3,7,0,1,June,1938,3,1.045,2025.21
101,3,7,0,1,July,2002.6,3,1.401,2805.6426
101,3,7,0,1,Aug,2002.6,3,1.365,2733.549
101,3,7,0,1,Sept,1938,3,1.414,2740.332
101,3,7,0,1,Oct,2002.6,3,1.1,2202.86
101,3,7,0,1,Nov,1564.5,3,1.311,2051.0595
101,3,7,0,1,Dec,1616.65,3,1.054,1703.9491
102,3,8,0,1,Jan,1824.35,3,1.244,2269.4914
102,3,8,0,1,Feb,1647.8,3,1.37,2257.486
102,3,8,0,1,Mar,1824.35,3,1.231,2245.77485
102,3,8,0,1,Apr,2139,3,1.437,3073.743
102,3,8,0,1,May,2210.3,3,1.247,2756.2441
102,3,8,0,1,June,2139,3,1.031,2205.309
102,3,8,0,1,July,2210.3,3,1.008,2227.9824
102,3,8,0,1,Aug,2210.3,3,1.435,3171.7805
102,3,8,0,1,Sept,2139,3,1.13,2417.07
102,3,8,0,1,Oct,2210.3,3,1.46,3227.038
102,3,8,0,1,Nov,1765.5,3,1.349,2381.6595
102,3,8,0,1,Dec,1824.35,3,1.104,2014.0824
103,3,9,0,1,Jan,2032.05,3,1.117,2269.79985
103,3,9,0,1,Feb,1835.4,3,1.234,2264.8836
103,3,9,0,1,Mar,2032.05,3,1.098,2231.1909
103,3,9,0,1,Apr,2340,3,1.071,2506.14
103,3,9,0,1,May,2418,3,1.335,3228.03
103,3,9,0,1,June,2340,3,1.031,2412.54
103,3,9,0,1,July,2418,3,1.156,2795.208
103,3,9,0,1,Aug,2418,3,1.184,2862.912
103,3,9,0,1,Sept,2340,3,1.041,2435.94
103,3,9,0,1,Oct,2418,3,1.384,3346.512
103,3,9,0,1,Nov,1966.5,3,1.183,2326.3695
103,3,9,0,1,Dec,2032.05,3,1.28,2601.024
104,3,6,0,1,Jan,1408.95,3,1.171,1649.88045
104,3,6,0,1,Feb,1272.6,3,1.406,1789.2756
104,3,6,0,1,Mar,1408.95,3,1.459,2055.65805
104,3,6,0,1,Apr,1737,3,1.035,1797.795
104,3,6,0,1,May,1794.9,3,1.343,2410.5507
104,3,6,0,1,June,1737,3,1.257,2183.409
104,3,6,0,1,July,1794.9,3,1.029,1846.9521
104,3,6,0,1,Aug,1794.9,3,1.197,2148.4953
104,3,6,0,1,Sept,1737,3,1.453,2523.861
104,3,6,0,1,Oct,1794.9,3,1.229,2205.9321
104,3,6,0,1,Nov,1363.5,3,1.111,1514.8485
104,3,6,0,1,Dec,1408.95,3,1.007,1418.81265
107,3,5,0,1,Jan,1201.25,3,1.137,1365.82125
107,3,5,0,1,Feb,1085,3,1.196,1297.66
107,3,5,0,1,Mar,1201.25,3,1.233,1481.14125
107,3,5,0,1,Apr,1536,3,1.202,1846.272
107,3,5,0,1,May,1587.2,3,1.097,1741.1584
107,3,5,0,1,June,1536,3,1.402,2153.472
107,3,5,0,1,July,1587.2,3,1.46,2317.312
107,3,5,0,1,Aug,1587.2,3,1.218,1933.2096
107,3,5,0,1,Sept,1536,3,1.495,2296.32
107,3,5,0,1,Oct,1587.2,3,1.429,2268.1088
107,3,5,0,1,Nov,1162.5,3,1.305,1517.0625
107,3,5,0,1,Dec,1201.25,3,1.068,1282.935
109,3,6,0,1,Jan,1408.95,3,1.005,1415.99475
109,3,6,0,1,Feb,1272.6,3,1.023,1301.8698
109,3,6,0,1,Mar,1408.95,3,1.396,1966.8942
109,3,6,0,1,Apr,1737,3,1.151,1999.287
109,3,6,0,1,May,1794.9,3,1.357,2435.6793
109,3,6,0,1,June,1737,3,1.131,1964.547
109,3,6,0,1,July,1794.9,3,1.429,2564.9121
109,3,6,0,1,Aug,1794.9,3,1.485,2665.4265
109,3,6,0,1,Sept,1737,3,1.206,2094.822
109,3,6,0,1,Oct,1794.9,3,1.061,1904.3889
109,3,6,0,1,Nov,1363.5,3,1.413,1926.6255
109,3,6,0,1,Dec,1408.95,3,1.451,2044.38645
110,2,6,0,1,Jan,1354.7,3,1.152,1560.6144
110,2,6,0,1,Feb,1223.6,3,1.262,1544.1832
110,2,6,0,1,Mar,1354.7,3,1.203,1629.7041
110,2,6,0,1,Apr,1560,3,1.456,2271.36
110,2,6,0,1,May,1612,3,1.299,2093.988
110,2,6,0,1,June,1560,3,1.331,2076.36
110,2,6,0,1,July,1612,3,1.058,1705.496
110,2,6,0,1,Aug,1612,3,1.414,2279.368
110,2,6,0,1,Sept,1560,3,1.135,1770.6
110,2,6,0,1,Oct,1612,3,1.36,2192.32
110,2,6,0,1,Nov,1311,3,1.209,1584.999
110,2,6,0,1,Dec,1354.7,3,1.258,1704.2126
112,3,6,0,1,Jan,1408.95,3,1.309,1844.31555
112,3,6,0,1,Feb,1272.6,3,1.045,1329.867
112,3,6,0,1,Mar,1408.95,3,1.462,2059.8849
112,3,6,0,1,Apr,1737,3,1.335,2318.895
112,3,6,0,1,May,1794.9,3,1.304,2340.5496
112,3,6,0,1,June,1737,3,1.401,2433.537
112,3,6,0,1,July,1794.9,3,1.238,2222.0862
112,3,6,0,1,Aug,1794.9,3,1.047,1879.2603
112,3,6,0,1,Sept,1737,3,1.303,2263.311
112,3,6,0,1,Oct,1794.9,3,1.144,2053.3656
112,3,6,0,1,Nov,1363.5,3,1.31,1786.185
112,3,6,0,1,Dec,1408.95,3,1.402,1975.3479
117,4,7,0,1,Jan,1670.9,3,1.278,2135.4102
117,4,7,0,1,Feb,1509.2,3,1.009,1522.7828
117,4,7,0,1,Mar,1670.9,3,1.27,2122.043
117,4,7,0,1,Apr,2115,3,1.335,2823.525
117,4,7,0,1,May,2185.5,3,1.499,3276.0645
117,4,7,0,1,June,2115,3,1.12,2368.8
117,4,7,0,1,July,2185.5,3,1.114,2434.647
117,4,7,0,1,Aug,2185.5,3,1.041,2275.1055
117,4,7,0,1,Sept,2115,3,1.222,2584.53
117,4,7,0,1,Oct,2185.5,3,1.132,2473.986
117,4,7,0,1,Nov,1617,3,1.24,2005.08
117,4,7,0,1,Dec,1670.9,3,1.066,1781.1794
118,4,6,0,1,Jan,1463.2,3,1.283,1877.2856
118,4,6,0,1,Feb,1321.6,3,1.029,1359.9264
118,4,6,0,1,Mar,1463.2,3,1.315,1924.108
118,4,6,0,1,Apr,1914,3,1.352,2587.728
118,4,6,0,1,May,1977.8,3,1.409,2786.7202
118,4,6,0,1,June,1914,3,1.426,2729.364
118,4,6,0,1,July,1977.8,3,1.344,2658.1632
118,4,6,0,1,Aug,1977.8,3,1.308,2586.9624
118,4,6,0,1,Sept,1914,3,1.122,2147.508
118,4,6,0,1,Oct,1977.8,3,1.485,2937.033
118,4,6,0,1,Nov,1416,3,1.262,1786.992
118,4,6,0,1,Dec,1463.2,3,1.231,1801.1992
119,4,8,0,1,Jan,1878.6,3,1.441,2707.0626
119,4,8,0,1,Feb,1696.8,3,1.025,1739.22
119,4,8,0,1,Mar,1878.6,3,1.24,2329.464
119,4,8,0,1,Apr,2316,3,1.005,2327.58
119,4,8,0,1,May,2393.2,3,1.334,3192.5288
119,4,8,0,1,June,2316,3,1.05,2431.8
119,4,8,0,1,July,2393.2,3,1.448,3465.3536
119,4,8,0,1,Aug,2393.2,3,1.406,3364.8392
119,4,8,0,1,Sept,2316,3,1.066,2468.856
119,4,8,0,1,Oct,2393.2,3,1.338,3202.1016
119,4,8,0,1,Nov,1818,3,1.371,2492.478
119,4,8,0,1,Dec,1878.6,3,1.032,1938.7152
126,5,7,0,1,Jan,1725.15,3,1.212,2090.8818
126,5,7,0,1,Feb,1558.2,3,1.079,1681.2978
126,5,7,0,1,Mar,1725.15,3,1.227,2116.75905
126,5,7,0,1,Apr,2292,3,1.14,2612.88
126,5,7,0,1,May,2368.4,3,1.337,3166.5508
126,5,7,0,1,June,2292,3,1.284,2942.928
126,5,7,0,1,July,2368.4,3,1.491,3531.2844
126,5,7,0,1,Aug,2368.4,3,1.217,2882.3428
126,5,7,0,1,Sept,2292,3,1.128,2585.376
126,5,7,0,1,Oct,2368.4,3,1.145,2711.818
126,5,7,0,1,Nov,1669.5,3,1.373,2292.2235
126,5,7,0,1,Dec,1725.15,3,1.344,2318.6016
127,5,6,0,1,Jan,1517.45,3,1.035,1570.56075
127,5,6,0,1,Feb,1370.6,3,1.243,1703.6558
127,5,6,0,1,Mar,1517.45,3,1.131,1716.23595
127,5,6,0,1,Apr,2091,3,1.291,2699.481
127,5,6,0,1,May,2160.7,3,1.009,2180.1463
127,5,6,0,1,June,2091,3,1.28,2676.48
127,5,6,0,1,July,2160.7,3,1.227,2651.1789
127,5,6,0,1,Aug,2160.7,3,1.402,3029.3014
127,5,6,0,1,Sept,2091,3,1.177,2461.107
127,5,6,0,1,Oct,2160.7,3,1.455,3143.8185
127,5,6,0,1,Nov,1468.5,3,1.115,1637.3775
127,5,6,0,1,Dec,1517.45,3,1.082,1641.8809
128,5,8,0,1,Jan,1932.85,3,1.123,2170.59055
128,5,8,0,1,Feb,1745.8,3,1.019,1778.9702
128,5,8,0,1,Mar,1932.85,3,1.331,2572.62335
128,5,8,0,1,Apr,2493,3,1.038,2587.734
128,5,8,0,1,May,2576.1,3,1.014,2612.1654
128,5,8,0,1,June,2493,3,1.368,3410.424
128,5,8,0,1,July,2576.1,3,1.387,3573.0507
128,5,8,0,1,Aug,2576.1,3,1.007,2594.1327
128,5,8,0,1,Sept,2493,3,1.396,3480.228
128,5,8,0,1,Oct,2576.1,3,1.311,3377.2671
128,5,8,0,1,Nov,1870.5,3,1.477,2762.7285
128,5,8,0,1,Dec,1932.85,3,1.324,2559.0934
135,6,7,0,1,Jan,1779.4,3,1.282,2281.1908
135,6,7,0,1,Feb,1607.2,3,1.331,2139.1832
135,6,7,0,1,Mar,1779.4,3,1.247,2218.9118
135,6,7,0,1,Apr,2469,3,1.428,3525.732
135,6,7,0,1,May,2551.3,3,1.489,3798.8857
135,6,7,0,1,June,2469,3,1.1,2715.9
135,6,7,0,1,July,2551.3,3,1.031,2630.3903
135,6,7,0,1,Aug,2551.3,3,1.193,3043.7009
135,6,7,0,1,Sept,2469,3,1.424,3515.856
135,6,7,0,1,Oct,2551.3,3,1.047,2671.2111
135,6,7,0,1,Nov,1722,3,1.021,1758.162
135,6,7,0,1,Dec,1779.4,3,1.32,2348.808
136,6,6,0,1,Jan,1571.7,3,1.014,1593.7038
136,6,6,0,1,Feb,1419.6,3,1.21,1717.716
136,6,6,0,1,Mar,1571.7,3,1.3,2043.21
136,6,6,0,1,Apr,2268,3,1.305,2959.74
136,6,6,0,1,May,2343.6,3,1.139,2669.3604
136,6,6,0,1,June,2268,3,1.043,2365.524
136,6,6,0,1,July,2343.6,3,1.213,2842.7868
136,6,6,0,1,Aug,2343.6,3,1.291,3025.5876
136,6,6,0,1,Sept,2268,3,1.108,2512.944
136,6,6,0,1,Oct,2343.6,3,1.315,3081.834
136,6,6,0,1,Nov,1521,3,1.015,1543.815
136,6,6,0,1,Dec,1571.7,3,1.422,2234.9574
137,6,8,0,1,Jan,1987.1,3,1.404,2789.8884
137,6,8,0,1,Feb,1794.8,3,1.068,1916.8464
137,6,8,0,1,Mar,1987.1,3,1.277,2537.5267
137,6,8,0,1,Apr,2670,3,1.474,3935.58
137,6,8,0,1,May,2759,3,1.425,3931.575
137,6,8,0,1,June,2670,3,1.033,2758.11
137,6,8,0,1,July,2759,3,1.299,3583.941
137,6,8,0,1,Aug,2759,3,1.454,4011.586
137,6,8,0,1,Sept,2670,3,1.431,3820.77
137,6,8,0,1,Oct,2759,3,1.348,3719.132
137,6,8,0,1,Nov,1923,3,1.408,2707.584
137,6,8,0,1,Dec,1987.1,3,1.421,2823.6691
